Brand Name,Model Name
Fujifilm,XF16 mm
Fujifilm,XF16 mm
Fujifilm,XF30 mm
Fujifilm,XF30 mm
Fujifilm,XF30 mm
Fujifilm,XF30 mm
Fujifilm,XF30 mm
Fujifilm,XF30 mm
Fujifilm,XF30 mm
Fujifilm,XF30 mm
Fujifilm,F XF56 mm
Fujifilm,F XF56 mm
Fujifilm,F XF56 mm
Fujifilm,F XF56 mm
Fujifilm,F XF56 mm
Fujifilm,F XF56 mm
Fujifilm,F XF56 mm
Fujifilm,F XF56 mm
Fujifilm,F XF56 mm
Fujifilm,F XF56 mm
Fujifilm,F XF56 mm
Fujifilm,F XF56 mm
Fujifilm,F XF56 mm
Fujifilm,F XF56 mm
Fujifilm,F XF56 mm
Fujifilm,F XF56 mm
Fujifilm,F XF56 mm
Fujifilm,F XF56 mm
Fujifilm,F XF56 mm
Fujifilm,F XF56 mm
Fujifilm,F XF56 mm
Fujifilm,F XF56 mm
Fujifilm,F XF56 mm
Fujifilm,F XF56 mm
Fujifilm,F XF56 mm
Fujifilm,F XF56 mm
Fujifilm,F XF56 mm
Fujifilm,F XF56 mm
Fujifilm,F XF56 mm
Fujifilm,F XF56 mm
Fujifilm,F XF56 mm
Fujifilm,F XF56 mm
Fujifilm,F XF56 mm
Fujifilm,F XF56 mm
Fujifilm,F XF56 mm
Fujifilm,F XF56 mm
Fujifilm,F XF56 mm
Fujifilm,F XF56 mm
Fujifilm,F XF56 mm
Fujifilm,F XF56 mm
Fujifilm,F XF56 mm
Fujifilm,F XF56 mm
Fujifilm,F XF56 mm
Fujifilm,F XF56 mm
Fujifilm,F XF56 mm
Fujifilm,F XF56 mm
Fujifilm,F XF56 mm
Fujifilm,F XF56 mm
Fujifilm,F XF56 mm
Fujifilm,F XF56 mm
Fujifilm,F XF56 mm
Fujifilm,F XF56 mm
Fujifilm,F XF56 mm
Fujifilm,F XF56 mm
Fujifilm,F XF56 mm
Fujifilm,F XF56 mm
Fujifilm,F XF56 mm
Fujifilm,F XF56 mm
Fujifilm,F XF56 mm
Fujifilm,F XF56 mm
Fujifilm,F XF56 mm
Fujifilm,F XF56 mm
Fujifilm,F XF56 mm
Fujifilm,F XF56 mm
Fujifilm,F XF56 mm
Fujifilm,F XF56 mm
Fujifilm,F XF56 mm
Fujifilm,F XF56 mm
Fujifilm,F XF56 mm
Fujifilm,F XF56 mm
Fujifilm,F XF56 mm
Fujifilm,F XF56 mm
Fujifilm,F XF56 mm
Fujifilm,F XF56 mm
Fujifilm,F XF56 mm
Fujifilm,F XF56 mm
Fujifilm,F XF56 mm
Fujifilm,F XF56 mm
Fujifilm,F XF56 mm
Fujifilm,F XF56 mm
Fujifilm,F XF56 mm
Fujifilm,F XF56 mm
Fujifilm,F XF56 mm
Fujifilm,F XF56 mm
Fujifilm,F XF56 mm
Fujifilm,F XF56 mm
Fujifilm,F XF56 mm
Fujifilm,F XF56 mm
Fujifilm,F XF56 mm
Fujifilm,F XF56 mm
Fujifilm,F XF56 mm
Fujifilm,F XF56 mm
Fujifilm,F XF56 mm
Fujifilm,F XF56 mm
Fujifilm,F XF56 mm
Fujifilm,F XF56 mm
Fujifilm,XF55-200 mm
Fujifilm,XF55-200 mm
Fujifilm,XF55-200 mm
Fujifilm,XF55-200 mm
Fujifilm,XF55-200 mm
Fujifilm,XF55-200 mm
Fujifilm,XF55-200 mm
Fujifilm,XF55-200 mm
Fujifilm,XF55-200 mm
Fujifilm,XF55-200 mm
Fujifilm,XF55-200 mm
Fujifilm,XF55-200 mm
Fujifilm,XF55-200 mm
Fujifilm,XF55-200 mm
Fujifilm,XF55-200 mm
Fujifilm,XF55-200 mm
Canon,EOS R7
Canon,EOS R7
Canon,EOS R7
Canon,EOS R7
Canon,EOS R7
Canon,EOS R7
Canon,EOS R7
Canon,EOS R7
Canon,EOS R10
Canon,EOS R10
Canon,EOS R10
Canon,EOS R10
Canon,EOS R10
Canon,EOS R10
Canon,EOS R10
Canon,EOS R10
Canon,EOS R10
Canon,EOS R10
Canon,EOS R10
Canon,EOS R10
Canon,EOS R10
Canon,EOS R10
Canon,EOS R10
Canon,EOS R10
Canon,EOS R10
Canon,EOS R10
Canon,EOS R10
Canon,EOS R10
Canon,EOS R10
Canon,EOS R10
Canon,EOS R10
Canon,EOS R10
Canon,EOS R10
Canon,EOS R10
Canon,EOS R10
Canon,EOS R10
Canon,EOS R10
Canon,EOS R10
Canon,EOS R10
Canon,EOS R10
Canon,EOS R10
Canon,EOS R10
Canon,EOS R10
Canon,EOS R10
Canon,EOS R10
Canon,EOS R10
Canon,EOS R10
Canon,EOS R10
Canon,EOS R10
Canon,EOS R10
Canon,EOS R10
Canon,EOS R10
Canon,EOS R10
Canon,EOS R10
Canon,EOS R10
Canon,EOS R10
Canon,EOS R10
Canon,EOS R10
Canon,EOS R10
Canon,EOS R10
Canon,EOS R10
Canon,EOS R10
Canon,EOS R10
Canon,EOS R10
Canon,EOS R10
Canon,EOS R10
Canon,EOS R10
Canon,EOS R10
Canon,EOS R10
Canon,EOS R10
Canon,EOS R10
Canon,EOS R10
Canon,EOS R10
Canon,EOS R10
Canon,EOS R10
Canon,EOS R10
Canon,EOS R10
Canon,EOS R10
Canon,EOS R10
Canon,EOS R10
Canon,EOS R10
Canon,EOS R10
Canon,EOS R10
Canon,EOS R10
Canon,EOS R10
Canon,EOS R10
Canon,EOS R10
Canon,EOS R10
Canon,EOS R10
Canon,EOS R10
Canon,EOS R10
Canon,EOS R10
Canon,EOS R10
Canon,EOS R10
Canon,EOS R10
Canon,EOS R10
Canon,EOS R10
Canon,EOS R10
Canon,EOS R10
Canon,EOS R10
Canon,EOS R10
Canon,EOS R10
Canon,EOS R10
Canon,EOS R10
Canon,EOS R10
Canon,EOS R10
Canon,EOS R10
Canon,EOS R10
Canon,EOS R10
Canon,EOS R10
Canon,EOS R10
Canon,EOS R10
Canon,EOS R10
Canon,EOS R10
Canon,EOS R10
Canon,EOS R10
Canon,EOS R10
Canon,EOS R10
Canon,EOS R10
Canon,EOS R10
Canon,EOS R10
Canon,EOS R10
Canon,EOS R10
Canon,EOS R10
Canon,EOS R10
Canon,EOS R10
Canon,EOS R10
Canon,EOS R10
Canon,EOS R10
Canon,EOS R10
Canon,EOS R10
Canon,EOS R10
Canon,EOS R10
Canon,EOS R10
Canon,EOS R10
Canon,EOS R10
Canon,EOS R10
Canon,EOS R10
Canon,EOS R10
Canon,EOS R10
Canon,EOS R10
Canon,EOS R10
Canon,EOS R10
Canon,EOS R10
Canon,EOS R10
Canon,EOS R10
Canon,EOS R10
Canon,EOS R10
Canon,EOS R10
Canon,EOS R10
Canon,EOS R10
Canon,EOS R10
Canon,EOS R10
Canon,EOS R10
Canon,EOS R10
Canon,EOS R10
Canon,EOS R10
Canon,EOS R10
Canon,EOS R10
Canon,EOS R10
Canon,EOS R10
Fujifilm,XF18-120 mm
Fujifilm,XF18-120 mm
Fujifilm,XF18-120 mm
Fujifilm,XF18-120 mm
Fujifilm,XF18-120 mm
Fujifilm,XF18-120 mm
Fujifilm,XF18-120 mm
Canon,EOS R5
Canon,EOS R5
Canon,"CY3-2680-000 ASS'Y,"
Canon,"CY3-2680-000 ASS'Y,"
Canon,"CY3-2680-000 ASS'Y,"
Canon,RF100-500L
Canon,RF100-500L
Canon,RF100-500L
Canon,RF100-500L
Canon,RF100/2.8L
Canon,RF400/2.8L
Canon,EOS R5
Canon,CY3-2619-000
Canon,CY3-2619-000
Canon,CY3-2234-000
Canon,RF28-70 mm f/2L USM
Canon,RF28-70 mm f/2L USM
Canon,RF28-70 mm f/2L USM
Canon,RF28-70 mm f/2L USM
Canon,RF28-70 mm f/2L USM
Canon,RF28-70 mm f/2L USM
Canon,EOS R50
Canon,EOS R50
Canon,RF15-35 mm
Canon,RF100-300 mm
Canon,RF100-300 mm
Canon,RF100-300 mm
Canon,RF100-300 mm
Canon,XF 605
Canon,XF 605
Canon,XF 605
Canon,XF 605
Canon,RF400/2.8L
Canon,EF75-300 mm
Canon,EF75-300 mm
Canon,EF75-300 mm
Canon,EF75-300 mm
Canon,EF75-300 mm
Canon,EF75-300 mm
Canon,EF75-300 mm
Canon,EF75-300 mm
Canon,EF75-300 mm
Canon,EF75-300 mm
Canon,EF75-300 mm
Canon,EF75-300 mm
Canon,EF75-300 mm
Canon,EF75-300 mm
Canon,EF75-300 mm
Canon,EF75-300 mm
Canon,EF75-300 mm
Canon,EF75-300 mm
Canon,RF600
Canon,EOS R7
Canon,EOS R7
Canon,EOS R7
Canon,EOS R7
Canon,EOS R7
Canon,EOS R7
Canon,RF100-400 mm
Canon,RF100-400 mm
Canon,EF70-300 mm f/4-5.6 IS II USM
Canon,EF70-300 mm f/4-5.6 IS II USM
Canon,EF70-300 mm f/4-5.6 IS II USM
Canon,RF800/11
Canon,EF100-400 mm
Canon,EOS R8
Canon,EOS R8
Canon,EOS R8
Canon,EOS R8
Canon,EOS R8
Canon,RF24-70 mm
Canon,RF24-70 mm
Canon,RF24-70 mm
Canon,RF24-70 mm
Canon,EF50 mm
Canon,EF50 mm
Canon,EF50 mm
Canon,EF50 mm
Canon,EF50 mm
Canon,EF50 mm
Canon,EF50 mm
Canon,EF50 mm
Canon,RF70-200 mm
Canon,RF70-200 mm
Canon,RF24-240 mm
Canon,RF600
Canon,EOS R8
Canon,EOS R8
Canon,EOS R8
Canon,EOS R8
Canon,EOS R8
Canon,EOS R8
Canon,EOS R8
Canon,EOS R8
Canon,EOS R8
Canon,RF85 mm
Canon,RF85 mm
Canon,RF85 mm
Canon,RF85 mm
Canon,RF-S55-210/5-7.1 IS
Canon,RF-S55-210/5-7.1 IS
Canon,POWERSHOT G7X
Canon,POWERSHOT G7X
Canon,POWERSHOT G7X
Canon,POWERSHOT G7X
Canon,POWERSHOT G7X
Canon,EF-S10-18 mm f/4.5-5.6
Canon,EOS R8
Canon,EOS R8
Canon,EOS R8
Canon,SX70HS
Canon,SX70HS
Canon,SX70HS
Canon,SX70HS
Fujifilm,HA42X13.5BERD-U48
Fujifilm,HA42X9.7BERD-U48
Leica,M320 IVCIII
Leica,M320 IVCIII
Leica,M320 IVCIII
Leica,M320 IVCIII
Leica,M320 IVCIII
Leica,M320 IVCIII
Leica,M320 IVCIII
Leica,M320 IVCIII
Leica,M320 IVCIII
Leica,M320 IVCIII
Leica,M320 IVCIII
Leica,M320 IVCIII
Leica,M320 IVCIII
Leica,M320 IVCIII
Leica,M320 IVCIII
Leica,M320 IVCIII
Canon,RF-S18-150 mm
Leica,K3C
Leica,K3C
Leica,K3C
Leica,K3C
Leica,K3C
Leica,K3C
Leica,K3C
Leica,K3C
Leica,K3C
Leica,K3C
Leica,K3C
Leica,K3C
Leica,K3C
Leica,K3C
Leica,K3C
Leica,K3C
Leica,K3C
Leica,K3C
Leica,K3C
Leica,K3C
Leica,K3C
Leica,K3C
Leica,K3C
Leica,K3C
Leica,K3C
Leica,K3C
Leica,K3C
Leica,K3C
Leica,K3C
Leica,K3C
Leica,K3C
Leica,K3C
Leica,K3C
Leica,K3C
Leica,K3C
Leica,K3C
Leica,K3C
Leica,K3C
Leica,K3C
Leica,K3C
Leica,K3C
Leica,K3C
Fujifilm,BESM-T45
Fujifilm,BESM-T45
Fujifilm,BESM-T45
Leica,K3M 11547113
Canon,EOS R50
Canon,EOS R50
Canon,EOS R50
Canon,EOS R50
Canon,EOS R50
Canon,EOS R50
Canon,EOS R50
Canon,EOS R50
Canon,EOS R50
Canon,EOS R50
Canon,EOS R6
Canon,EOS R6
Canon,EOS R6
Canon,EOS R6
Canon,EOS R6
Canon,EOS R6
Canon,EOS R6
Canon,EOS R6
Canon,EOS R6
Canon,EOS R6
Canon,EOS R6
Canon,EOS R6
Canon,EOS R6
Canon,EOS R6
Canon,EOS R6
Canon,EOS R6
Canon,EOS R6
Canon,EOS R6
Canon,EOS R6
Canon,EOS R6
Canon,EOS R6
Canon,EOS R6
Canon,EOS R6
Canon,EOS R6
Canon,EOS R6
Canon,EOS R6
Canon,EOS R6
Canon,EOS R6
Canon,EOS R6
Canon,EOS R6
Canon,EOS R6
Canon,EOS R6
Canon,EOS R6
Canon,EOS R6
Canon,EOS R6
Canon,EOS R6
Canon,IXUS 28HS
Canon,IXUS 28HS
Fujifilm,XF70-300 mm
Fujifilm,XF70-300 mm
Canon,EOS R6
Canon,EOS R6
Canon,EOS R6
Canon,EOS R6
Canon,EOS R6
Canon,EOS R6
Canon,EOS R6
Canon,EOS R6
Canon,EOS R6
Canon,EOS R6
Canon,EF-S24 mm F/2.8
Fujifilm,F XF8 mm
Fujifilm,F XF8 mm
Fujifilm,F XF8 mm
Canon,CY3-2714-000
Canon,CY3-2714-000
Canon,CY3-2494-000
Canon,CY3-2494-000
Canon,CY3-2495-010
Canon,CY3-2495-010
Canon,CY3-2495-010
Canon,CY3-2495-010
Canon,XF 605
Canon,BCTV CJ45EX13.6B
Canon,BCTV CJ45EX13.6B
Canon,EOS 200D II
Canon,CY3-2399-000
Canon,XA 75
Fujifilm,XF18-120 mm
Fujifilm,XF18-120 mm
Fujifilm,XF18-120 mm
Fujifilm,XF18-120 mm
Nikon,Nikkor Z 40 mm
Panasonic,SXW0001
Panasonic,SXW0001
Nikon,Z 50 BK
Nikon,Z 50 BK
Nikon,Z 50 BK
Nikon,Z 50 BK
Nikon,Z 50 BK
Nikon,Z 50 BK
Nikon,Z 50 BK
Nikon,Z 50 BK
Nikon,Z5 BK
Nikon,Z5 BK
Nikon,Z5 BK
Nikon,Z5 BK
Nikon,Z5 BK
Nikon,Z5 BK
Nikon,Z5 BK
Nikon,Z5 BK
Nikon,Z5 BK
Panasonic,AG-X20ED
Panasonic,AG-X20ED
Panasonic,AG-X20ED
Panasonic,AG-X20ED
Nikon,NIKKOR Z 400 mm
Nikon,Z 5 BK
Panasonic,AG-X20ED
Panasonic,AG-X20ED
Panasonic,AG-X20ED
Panasonic,AG-X20ED
Panasonic,AG-X20ED
Panasonic,AG-X20ED
Panasonic,AG-X20ED
Panasonic,AG-X20ED
Panasonic,AG-X20ED
Panasonic,AG-X20ED
Panasonic,AG-X20ED
Panasonic,AG-X20ED
Panasonic,AG-X20ED
Panasonic,AG-X20ED
Panasonic,AG-X20ED
Panasonic,AG-X20ED
Nikon,Nikkor 200-500 mm
Nikon,Z 6 II
Nikon,Z 6 II
Nikon,Z5
Nikon,Z5
Nikon,TC-1.4X
Nikon,MQA18000 DS-FI3
Nikon,MQA18000 DS-FI3
Nikon,MQA18000 DS-FI3
Nikon,MQA18000 DS-FI3
Nikon,MQA18000 DS-FI3
Nikon,MQA18000 DS-FI3
Nikon,MQA18000 DS-FI3
Nikon,MQA18000 DS-FI3
Nikon,MQA18000 DS-FI3
Nikon,MQA18000 DS-FI3
Nikon,MQA18000 DS-FI3
Nikon,MQA18000 DS-FI3
Nikon,MQA18000 DS-FI3
Nikon,MQA18000 DS-FI3
Nikon,MQA18000 DS-FI3
Nikon,MQA18000 DS-FI3
Nikon,MQA18000 DS-FI3
Nikon,MQA18000 DS-FI3
Nikon,MQA18000 DS-FI3
Nikon,MQA18000 DS-FI3
Nikon,MQA18000 DS-FI3
Nikon,MQA18000 DS-FI3
Nikon,MQA18000 DS-FI3
Nikon,MQA18000 DS-FI3
Nikon,MQA18000 DS-FI3
Nikon,MQA18000 DS-FI3
Nikon,MQA18000 DS-FI3
Nikon,MQA18000 DS-FI3
Nikon,MQA18000 DS-FI3
Nikon,MQA18000 DS-FI3
Nikon,MQA18000 DS-FI3
Nikon,MQA18000 DS-FI3
Nikon,MQA18000 DS-FI3
Nikon,MQA18000 DS-FI3
Nikon,MQA18000 DS-FI3
Nikon,MQA18000 DS-FI3
Nikon,MQA18000 DS-FI3
Nikon,MQA18000 DS-FI3
Nikon,MQA18000 DS-FI3
Nikon,MQA18000 DS-FI3
Nikon,120ER
Nikon,120ER
Nikon,120ER
Nikon,120ER
Nikon,120ER
Nikon,120ER
Nikon,120ER
Nikon,120ER
Nikon,120ER
Nikon,120ER
Nikon,120ER
Nikon,120ER
Olympus,N6154750
Olympus,N6154750
Olympus,N6154750
Olympus,N6154750
Olympus,N6154750
Olympus,N6154750
Olympus,N6154750
Olympus,N6154750
Olympus,N6154750
Olympus,N6154750
Olympus,N6154750
Olympus,N6154750
Olympus,N6154750
Olympus,N6154750
Olympus,N6154750
Nikon,129F6
Nikon,129F6
Nikon,129F6
Nikon,129F6
Nikon,129F6
Nikon,129F6
Nikon,G Unit 12M21
Nikon,129F6
Nikon,129F6
Nikon,129F6
Nikon,129F6
Nikon,129F6
Nikon,129F6
Nikon,129F6
Nikon,129F6
Nikon,129F6
Nikon,129F6
Nikon,120ER
Nikon,120ER
Nikon,G Unit 12M24
Nikon,G Unit 12M24
Nikon,1B100-964
Nikon,1B100-964
Nikon,1B100-964
Nikon,11V1D
Nikon,11V1D
Nikon,11V1D
Nikon,11V1D
Nikon,1C999-532-1
Olympus,N5409160
Olympus,N5409160
Olympus,N5409160
Olympus,N5409160
Olympus,N5409160
Olympus,N5409160
Olympus,N5409160
Olympus,N5409160
Olympus,N5409160
Olympus,N5409160
Olympus,N5409160
Olympus,N5409160
Olympus,N5409160
Olympus,N5409160
Olympus,N5409160
Olympus,N5409160
Olympus,N5409160
Olympus,N5409160
Olympus,N5409160
Olympus,N5409160
Olympus,N5409160
Olympus,N5409160
Nikon,Nikkor 24-70 mm
Sigma,AF 35 mm
Sigma,AF 35 mm
Sigma,AF 35 mm
Sigma,AF 35 mm
Sigma,AF 35 mm
Sigma,AF 35 mm
Sigma,AF 35 mm
Sigma,AF 35 mm
Sigma,AF 35 mm
Sigma,AF 35 mm
Sigma,AF 35 mm
Sigma,AF 35 mm
Nikon,TC-14E III
Sigma,AF 18-50 mm
Sigma,AF 150-600 mm
Sigma,AF 85 mm
Sigma,AF 85 mm
Sigma,AF 85 mm
Sigma,AF 85 mm
Sigma,AF 85 mm
Sigma,AF 85 mm
Sigma,AF 85 mm
Sigma,AF 85 mm
Sigma,AF 70-200 mm F/2.8
Panasonic,HC-V385GW-K
Panasonic,HC-V385GW-K
Panasonic,HC-V385GW-K
Panasonic,HC-V385GW-K
Nikon,Z 8 BK
Nikon,Z 8 BK
Nikon,Z 8 BK
Nikon,Z 8 BK
Panasonic,DC-S5M2GW
Panasonic,DC-S5M2GW
Panasonic,DC-S5M2GW
Panasonic,DC-S5M2GW
Panasonic,DC-S5M2GW
Panasonic,DC-S5M2GW
Nikon,Z5
Nikon,Z5
Nikon,D7500
Sigma,AF 14 mm
Nikon,LENS-G
Nikon,1C999-542
Nikon,1C999-542
Nikon,1C999-542
Sigma,AF 30 mm
Sigma,AF 30 mm
Sigma,AF 85 mm
Sigma,AF 85 mm
Nikon,Nikkor 50 mm
Nikon,Nikkor 50 mm
Nikon,Nikkor 50 mm
Nikon,Nikkor 50 mm
Nikon,AF-S 85/1.8G
Nikon,116RW-A03D2L
Nikon,116RW-A03D2L
Nikon,116RW-A03D2L
Nikon,116RW-A03D2L
Nikon,116RW-A03D2L
Nikon,Z 6 II
Nikon,Z 6 II
Nikon,NIKKOR Z 85 mm
Nikon,MQA20000
Nikon,MQA20000
Nikon,MQA20000
Nikon,MQA20000
Nikon,MEL56200
Nikon,MEL56200
Nikon,11G98
Panasonic,DC-G9GW-K
Panasonic,DC-G9LGW-K
Panasonic,H-RS100400C9
Nikon,G7G12
Nikon,G7G12
Panasonic,DC-S5M2GW
Panasonic,DC-S5M2GW
Panasonic,DMC-G85HAGWK
Panasonic,DMC-FZ2500GA
Panasonic,DMC-FZ2500GA
Panasonic,DMC-FZ2500GA
Panasonic,S-R1428GC
Panasonic,S-R24105GC
Panasonic,S-S35GC
Panasonic,H-H025E-K
Panasonic,S-S24GC
Panasonic,S-E70200GC
Panasonic,DC-S5M2KGW
Panasonic,DC-S5M2KGW
Panasonic,S-S18GC
Olympus,CH-S400-XZ
Olympus,CH-S400-XZ
Olympus,CH-S400-XZ
Olympus,CH-S400-XZ
Nikon,Z 50 BK
Nikon,Z 50 BK
Nikon,Z 50 BK
Sony,ILCE-7M4
Sony,ILCE-7M4
Sony,ILCE-7M4
Sony,ILCE-7M4
Sony,ILCE-7M4
Sony,ILCE-7M4
Sony,ILCE-7M4
Sony,ILCE-7M4
Sony,ILCE-7M4
Sony,ILCE-7M4
Sony,ILCE-7M4
Sony,ILCE-7M4
Sony,ILCE-7M4
Sony,ILCE-7M4
Sony,ILCE-7M4
Sony,ILCE-7M4
Sony,ILCE-7M4
Sony,ILCE-7M4
Sony,ILCE-7M4
Sony,ILCE-7M4
Sony,ILCE-7M4
Sony,ILCE-7M4
Sony,ILCE-7M4
Sony,ILCE-7M4
Sony,ILCE-7M4
Sony,ILCE-7M4
Sony,ILCE-7M4
Sony,ILCE-7M4
Sony,ILCE-7M4
Sony,ILCE-7M4
Sony,ILCE-7M4
Sony,ILCE-7M4
Sony,ILCE-7M4
Sony,ILCE-7M4
Sony,ILCE-7M4
Sony,ILCE-7M4
Sony,ILCE-7M4
Sony,ILCE-7M4
Sony,ILCE-7M4
Sony,ILCE-7M4
Sony,ILCE-7M4
Sony,ILCE-7M4
Sony,ILCE-7M4
Sony,ILCE-7M4
Sony,ILCE-7M4
Sony,ILCE-7M4
Sony,ILCE-7M4
Sony,ILCE-7M4
Sony,ILCE-7M4
Sony,ILCE-7M4
Sony,ILCE-7M4
Sony,ILCE-7M4
Sony,ILCE-7M4
Sony,ILCE-7M4
Sony,ILCE-7M4
Sony,ILCE-7M4
Sony,ILCE-7M4
Sony,ILCE-7M4
Sony,ILCE-7M4
Sony,ILCE-7M4
Sony,ILCE-7M4
Sony,ILCE-7M4
Sony,ILCE-7M4
Sony,ILCE-7M4
Sony,ILCE-7M4
Sony,ILCE-7M4
Sony,ILCE-7C
Sony,ILCE-7C
Sony,ILCE-7C
Sony,ILCE-7C
Sony,ILCE-7C
Sony,ILCE-7C
Sony,ILCE-7C
Sony,ILCE-7C
Sony,ILCE-7C
Sony,ILCE-7C
Sony,ILCE-7C
Sony,ILCE-7C
Sony,ILCE-7C
Sony,ILCE-7C
Sony,ILCE-7C
Sony,ILCE-7C
Sony,ILCE-7C
Sony,ILCE-7C
Sony,ILCE-7C
Sony,ILCE-7C
Sony,ILCE-7C
Sony,ILCE-7C
Sony,ILCE-7C
Sony,ILCE-7C
Sony,ILCE-7C
Sony,ILCE-7C
Sony,ILCE-7C
Sony,ILCE-7C
Sony,ILCE-7C
Sony,ILCE-7C
Sony,ILCE-7C
Sony,ILCE-7C
Sony,ILCE-7C
Sony,ILCE-7C
Sony,ILCE-7C
Sony,ILCE-7C
Sony,ILCE-7C
Sony,ILCE-7C
Sony,ILCE-7C
Sony,ILCE-7C
Sony,ILCE-7C
Sony,ILCE-7C
Sony,ILCE-7C
Sony,ILCE-7C
Sony,ILCE-7C
Sony,ILCE-7C
Sony,ILCE-7C
Sony,ILCE-7C
Sony,ILCE-7C
Sony,ILCE-7C
Sony,ILCE-7C
Sony,ILCE-7C
Sony,ILCE-7C
Sony,ILCE-7C
Sony,ILCE-7C
Sony,ILCE-7C
Sony,ILCE-7C
Sony,ILCE-7C
Sony,ILCE-7C
Sony,ILCE-7C
Sony,ILCE-6100L
Sony,ILCE-6100L
Sony,ILCE-6100L
Sony,ILCE-6100L
Sony,ILCE-6100L
Sony,ILCE-6100L
Sony,ILCE-6100L
Sony,ILCE-6100L
Sony,ILCE-7RM4A
Sony,ILCE-7RM4A
Sony,ILCE-7RM4A
Sony,ILCE-7RM4A
Sony,ILCE-7RM4A
Sony,ILCE-7RM4A
Sony,ILCE-7RM4A
Sony,ILCE-7RM4A
Sony,ILCE-7RM4A
Sony,ILCE-7RM4A
Sony,ILCE-7RM4A
Sony,ILCE-7RM4A
Sony,ILCE-7RM4A
Sony,ILCE-7RM4A
Sony,ILCE-7RM4A
Sony,ILCE-7RM4A
Sony,ILCE-7RM4A
Sony,ILCE-7RM4A
Sony,ILCE-7RM4A
Sony,ILCE-7RM4A
Sony,ILCE-7RM4A
Sony,ILCE-7RM4A
Sony,ILCE-7RM4A
Sony,ILCE-7RM4A
Sony,ILCE-7RM4A
Sony,ILCE-7RM5
Sony,ILCE-7RM5
Sony,ILCE-7RM5
Sony,ILCE-7RM5
Sony,ILCE-7RM5
Sony,ILCE-7RM5
Sony,ILCE-7RM5
Sony,ILCE-7RM5
Sony,ILCE-7M4
Sony,ILCE-7M4
Sony,ILCE-7M4
Sony,ILCE-7M4
Sony,ILCE-7M4
Sony,ILCE-7M4
Sony,ILCE-7M4
Sony,ILCE-7M4
Sony,ILCE-7M4
Sony,ILCE-7M4
Sony,ILCE-7M4
Sony,ILCE-7M4
Sony,ILCE-7M4
Sony,ILCE-7M4
Sony,ILCE-7M4
Sony,ILCE-7M4
Sony,ILCE-7M4
Sony,ILCE-7M4
Sony,ILCE-7M4
Sony,ILCE-7M4
Sony,ILCE-7M4
Sony,ILCE-7M4
Sony,ILCE-7M4
Sony,ILCE-6100YBQIN5 DIGITAL
Sony,ILCE-6100YBQIN5 DIGITAL
Sony,ILCE-7C
Sony,ILCE-7C
Sony,ILCE-7C
Sony,ILCE-7C
Sony,ILCE-7C
Sony,ILCE-7C
Sony,ILCE-7C
Sony,ILCE-7C
Sony,ILCE-7C
Sony,ILCE-7C
Sony,ILCE-7C
Sony,ILCE-7C
Sony,ILCE-7C
Sony,ILCE-7C
Sony,ILCE-7C
Sony,ILCE-7C
Sony,ILCE-7C
Sony,ILCE-7C
Sony,ILCE-7C
Sony,ILCE-7C
Sony,ILCE-7C
Sony,ILCE-7C
Sony,ILCE-7C
Sony,ILCE-7C
Sony,ILCE-7C
Sony,ILCE-7C
Sony,ILCE-7C
Sony,ILCE-7C
Sony,ILCE-7C
Sony,ILCE-7C
Sony,ILCE-7M3
Sony,ILCE-7M3
Sony,ILCE-7M3
Sony,ILCE-7M3
Sony,ILCE-7M3
Sony,ILCE-7M3
Sony,ILCE-7M3
Sony,ILCE-7M3
Sony,ILCE-7M3
Sony,ILCE-7M3
Sony,ILCE-7M3
Sony,ILCE-7M3
Sony,ILCE-7M3
Sony,ILCE-7M3
Sony,ILCE-7M3
Sony,ILCE-7M3
Sony,ILCE-7M3
Sony,ILCE-7M3
Sony,ILCE-7M3
Sony,ILCE-7M3
Sony,ILCE-7M3
Sony,ILCE-7M3
Sony,ILCE-6400
Sony,ILCE-6400
Sony,ILCE-6400
Sony,ILCE-6400
Sony,ILCE-6400
Sony,ILCE-6400
Sony,ILCE-6400
Sony,ILCE-6400
Sony,ILCE-6400
Sony,ILCE-6400
Sony,ILCE-6400
Sony,ILCE-6400
Sony,ILCE-6400
Sony,ILCE-6400
Sony,ILCE-6400
Sony,ILCE-6400
Sony,ILCE-7C
Sony,ILCE-7C
Sony,ILCE-7C
Sony,ILCE-7C
Sony,ILCE-7C
Sony,ILCE-7C
Sony,ILCE-7C
Sony,ILCE-7C
Sony,ILCE-7C
Sony,ILCE-7C
Sony,ILCE-7C
Sony,ILCE-7C
Sony,ILCE-7C
Sony,ILCE-7C
Sony,ILCE-7C
Sony,ILCE-7C
Sony,ILCE-7C
Sony,ILCE-7C
Sony,ILCE-7C
Sony,ILCE-7C
Sony,ILCE-7C
Sony,ILCE-7RM3A
Sony,ILCE-7RM3A
Sony,ILCE-7RM3A
Sony,ILCE-7RM3A
Sony,ILCE-7RM3A
Sony,ILCE-7RM3A
Sony,ILCE-7RM3A
Sony,ILCE-7RM3A
Sony,ILCE-7RM3A
Sony,ILCE-7RM3A
Sony,ILCE-7RM3A
Sony,ILCE-7RM3A
Sony,ILCE-7RM3A
Sony,ILCE-7RM3A
Sony,ILCE-7RM3A
Sony,ILCE-7RM3A
Sony,ILCE-7RM3A
Sony,ILCE-7RM3A
Sony,ILCE-7RM3A
Sony,ILCE-7RM3A
Sony,ILCE-7RM3A
Sony,ILCE-7C
Sony,ILCE-7C
Sony,ILCE-7C
Sony,ILCE-7C
Sony,ILCE-7C
Sony,ILCE-7C
Sony,ILCE-7C
Sony,ILCE-7C
Sony,ILCE-7C
Sony,ILCE-7C
Sony,ILCE-7C
Sony,ILCE-7C
Sony,ILCE-7C
Sony,ILCE-7C
Sony,ILCE-7C
Sony,ILCE-7C
Sony,ILCE-7C
Sony,ILCE-7C
Sony,ILCE-7C
Sony,ILCE-7C
Sony,ILCE-7C
Sony,ILCE-7C
Sony,ILCE-7C
Sony,ILCE-7C
Sony,ILCE-7M4
Sony,ILCE-7M4
Sony,ILCE-7M4
Sony,ILCE-7M4
Sony,ILCE-7M4
Sony,ILCE-7M4
Sony,ILCE-7M4
Sony,ILCE-7M4
Sony,ILCE-7M4
Sony,ILCE-7M4
Sony,ILCE-7M4
Sony,ILCE-7M4
Sony,ILCE-7M4
Sony,ILCE-7M4
Sony,ILCE-7M4
Sony,ILCE-7M4
Sony,ILCE-7M4
Sony,ILCE-7M4
Sony,ILCE-7M4
Sony,ILCE-7M4
Sony,ILCE-7M4
Sony,ILCE-7M4
Sony,ILCE-7M4
Sony,ILCE-7M4
Sony,ILCE-7M4
Sony,ILCE-7M4
Sony,ILCE-7M4
Sony,ILCE-7M4
Sony,ILCE-7M4
Sony,ILCE-7M4
Sony,ILCE-7M4
Sony,ILCE-7M4
Sony,ILCE-7M4
Sony,ILCE-7M4
Sony,ILCE-7M4
Sony,ILCE-7M4
Sony,ILCE-7M4
Sony,ILCE-7M4
Sony,ILCE-7M4
Sony,ILCE-7M4
Sony,ILCE-7M4
Sony,ILCE-7C
Sony,ILCE-7C
Sony,ILCE-7C
Sony,ILCE-7C
Sony,ILCE-7C
Sony,ILCE-7C
Sony,ILCE-7C
Sony,ILCE-7C
Sony,ILCE-7C
Sony,ILCE-7C
Sony,ILCE-7C
Sony,ILCE-7C
Sony,ILCE-7C
Sony,ILCE-7C
Sony,ILCE-7C
Sony,ILCE-7C
Sony,ILCE-7C
Sony,ILCE-7C
Sony,ILCE-7C
Sony,ILCE-7C
Sony,ILCE-7C
Sony,ILCE-7C
Sony,ILCE-7C
Sony,ILCE-7C
Sony,ILCE-7C
Sony,ILCE-7C
Sony,ILCE-7C
Sony,ILCE-7C
Sony,ILCE-7C
Sony,ILCE-7C
Sony,ILCE-7C
Sony,ILCE-7C
Sony,ILCE-7C
Sony,ILCE-7C
Sony,ILCE-7C
Sony,ILCE-7C
Sony,ILCE-7C
Sony,ILCE-7C
Sony,ILCE-7C
Sony,ILCE-7C
Sony,ILCE-7C
Sony,ILCE-7C
Sony,ILCE-7C
Sony,ILCE-7C
Sony,ILCE-7C
Sony,ILCE-7C
Sony,ILCE-7C
Sony,ILCE-7C
Sony,PXW-Z150
Sony,PXW-Z150
Sony,PXW-Z150
Sony,PXW-Z150
Sony,PXW-Z150
Sony,PXW-Z150
Sony,PXW-Z150
Sony,PXW-Z150
Sony,PXW-Z150
Sony,PXW-Z150
Sony,PXW-Z150
Sony,PXW-Z150
Sony,PXW-Z150
Sony,PXW-Z150
Sony,PXW-Z150
Sony,PXW-Z150
Sony,PXW-Z150
Sony,PXW-Z150
Sony,PXW-Z150
Sony,PXW-Z150
Sony,PXW-Z150
Sony,PXW-Z150
Sony,PXW-Z150
Sony,PXW-Z150
Sony,PXW-Z150
Sony,PXW-Z150
Sony,PXW-Z150
Sony,PXW-Z150
Sony,PXW-Z150
Sony,PXW-Z150
Sony,PXW-Z150
Sony,PXW-Z150
Sony,PXW-Z150
Sony,PXW-Z150
Sony,ILCE-7M4
Sony,ILCE-7M4
Sony,ILCE-7M4
Sony,ILCE-7M4
Sony,ILCE-7M4
Sony,ILCE-7M4
Sony,ILCE-7M4
Sony,ILCE-7M4
Sony,ILCE-7M4
Sony,ILCE-7M4
Sony,ILCE-7M4
Sony,ILCE-7M4
Sony,ILCE-7M4
Sony,ILCE-7M4
Sony,ILCE-7M4
Sony,ILCE-7M4
Sony,ILCE-7M4
Sony,ILCE-7M4
Sony,ILCE-7M4
Sony,ILCE-7M4
Sony,ILCE-7M4
Sony,ILCE-7M4
Sony,ILCE-7M4
Sony,ILCE-7M4
Sony,ILCE-7M4
Sony,ILCE-7M4
Sony,ILCE-7M4
Sony,ILCE-7M4
Sony,ILCE-7M4
Sony,ILCE-7M4
Sony,ILCE-7M4
Sony,ILCE-7M4
Sony,ILCE-7M4
Sony,ILCE-7M4
Sony,ILCE-7M4
Sony,ILCE-7M4
Sony,ILCE-7M4
Sony,ILCE-7M4
Sony,ILCE-7RM5
Sony,ILCE-7RM5
Sony,ILCE-7RM5
Sony,ILCE-7RM5
Sony,ILCE-7RM5
Sony,ILCE-7RM5
Sony,ILCE-7RM5
Sony,ILCE-7RM5
Sony,ILCE-7RM5
Sony,ILCE-7RM5
Sony,ILCE-7RM5
Sony,ILCE-7RM5
Sony,ILCE-7RM5
Sony,ILCE-7RM5
Sony,ILCE-7RM5
Sony,ILCE-7RM5
Sony,ILCE-7RM5
Sony,ILCE-7RM5
Sony,ILCE-7RM5
Sony,ILCE-7RM5
Sony,ILCE-7RM5
Sony,ILCE-7RM5
Sony,ILCE-7RM5
Sony,ILCE-7RM5
Sony,ILCE-7RM5
Sony,ILCE-7RM5
Sony,ILCE-7RM5
Sony,ILCE-6100LBQIN5 32851520
Sony,ILCE-6100LBQIN5 32851520
Sony,ILCE-6100Y
Sony,ILCE-6100Y
Sony,ILCE-6100Y
Sony,ILCE-6100Y
Sony,ILCE-6100Y
Sony,ILCE-6100Y
Sony,ILCE-6100/BQIN5 32851420
Sony,ILCE-6100/BQIN5 32851420
Sony,ILCE-6100/BQIN5 32851420
Sony,ILCE-6100/BQIN5 32851420
Sony,ILCE-7M3
Sony,ILCE-7M3
Sony,ILCE-7M3
Sony,ILCE-7M3
Sony,ILCE-7M3
Sony,ILCE-7M3
Sony,ILCE-7M3
Sony,ILCE-7M3
Sony,ILCE-7M3
Sony,ILCE-7M3
Sony,ILCE-7M3
Sony,ILCE-7M3
Sony,ILCE-7M3
Sony,ILCE-7M3
Sony,ILCE-7M3
Sony,ILCE-7M3
Sony,ILCE-7M3
Sony,ILCE-7M3
Sony,ILCE-6100YBQIN5 DIGITAL
Sony,DSC-RX100
Sony,DSC-RX100
Sony,DSC-RX100
Sony,DSC-RX100
Sony,DSC-RX100
Sony,DSC-RX100
Sony,DSC-RX100
Sony,DSC-RX100
Sony,DSC-RX100
Sony,DSC-RX100
Sony,DSC-RX100
Sony,PXW-FX9
Sony,PXW-FX9
Sony,PXW-FX9
Sony,PXW-FX9
Sony,PXW-FX9
Sony,PXW-FX9
Sony,ILCE-6400
Sony,ILCE-6400
Sony,ILCE-6400
Sony,ILCE-6400
Sony,ILCE-6400
Sony,ILCE-6400
Sony,ILCE-6400
Sony,ILCE-6400
Sony,ILCE-6400
Sony,ILCE-6400
Sony,ILCE-6400
Sony,ILCE-6400
Sony,ILCE-6400
Sony,ILCE-6400
Sony,ILCE-6400
Sony,ILCE-6400
Sony,ILCE-6400
Sony,ILCE-6400
Sony,ILCE-6400
Sony,ILCE-6400
Sony,ILCE-6400
Sony,ILCE-6400
Sony,ILCE-6400
Sony,ILCE-6400
Sony,ILCE-6400
Sony,ILCE-6400
Sony,ILCE-6400
Sony,ILCE-6400
Sony,ILCE-6400
Sony,ILCE-6400
Sony,ILCE-6400
Sony,ILCE-6400
Sony,ILCE-6400
Sony,ILCE-6400
Sony,ILCE-6400
Sony,ILCE-6400
Sony,ILCE-6400
Sony,ILCE-6400
Sony,ILCE-6400
Sony,ILCE-6400
Sony,ILCE-6400
Sony,ILCE-6400
Sony,ILCE-6400
Sony,ILCE-6400
Sony,ILCE-6400
Sony,ILCE-6400
Sony,ILCE-6400
Sony,ILCE-6400
Sony,ILCE-6400
Sony,ILCE-6400
Sony,ILCE-6400
Sony,ILCE-6400
Sony,ILCE-6400
Sony,ILCE-6400
Sony,ILCE-6400
Sony,ILCE-6400
Sony,ILCE-6400
Sony,ILCE-6400
Sony,ILCE-6400
Sony,ILCE-6400
Sony,ILCE-6400
Sony,ILCE-6400
Sony,PXW-FX9
Sony,PXW-FX9
Sony,PXW-FX9
Sony,PXW-FX9
Sony,PXW-FX9
Sony,PXW-FX9
Sony,ILCE-6100YBQIN5 DIGITAL
Sony,ILCE-6100YBQIN5 DIGITAL
Sony,ILCE-1
Sony,ILCE-1
Sony,ILCE-1
Sony,ILCE-1
Sony,ILCE-1
Sony,ILCE-1
Sony,ILCE-1
Sony,ILCE-1
Sony,ILCE-1
Sony,ILCE-1
Sony,ILCE-1
Sony,ILCE-1
Sony,ILCE-1
Sony,ILCE-1
Sony,ILCE-1
Sony,ILCE-1
Sony,ILCE-1
Sony,ILCE-1
Sony,ILCE-1
Sony,ILCE-1
Sony,ILCE-1
Sony,ILCE-1
Sony,ILCE-1
Sony,ILCE-1
Sony,ILCE-1
Sony,ILCE-7C
Sony,ILCE-7C
Sony,ILCE-7C
Sony,ILCE-7C
Sony,ILCE-7C
Sony,ILCE-7C
Sony,ILCE-7C
Sony,ILCE-7C
Sony,ILCE-7C
Sony,ILCE-7C
Sony,ILCE-7C
Sony,ILCE-7C
Sony,ILCE-7C
Sony,ILCE-7C
Sony,ILCE-7C
Sony,ILCE-7C
Sony,ILCE-7C
Sony,ILCE-7C
Sony,ILCE-7C
Sony,ILCE-7C
Sony,ILCE-7C
Sony,ILCE-7C
Sony,ILCE-7C
Sony,ILCE-7C
Sony,ILCE-7C
Sony,ILCE-7C
Sony,ILCE-7C
Sony,ILCE-7C
Sony,ILCE-7C
Sony,ILCE-7C
Sony,ILCE-7C
Sony,ILCE-7C
Sony,ILCE-7C
Sony,ILCE-7C
Sony,ILCE-7C
Sony,ILCE-7C
Sony,ILCE-7C
Sony,ILCE-7C
Sony,ILCE-7C
Sony,ILCE-7C
Sony,ILCE-7C
Sony,ILCE-7C
Sony,ILCE-7C
Sony,ILCE-7C
Sony,ILCE-7C
Sony,ILCE-7C
Sony,ILCE-7C
Sony,ILCE-7C
Sony,ILCE-6600
Sony,ILCE-6600
Sony,ILCE-6100YBQIN5 32851620
Sony,ILCE-6100YBQIN5 32851620
Sony,ILCE-6100YBQIN5 32851620
Sony,ILCE-6100YBQIN5 32851620
Sony,ILCE-1
Sony,ILCE-1
Sony,ILCE-1
Sony,ILCE-1
Sony,ILCE-1
Sony,ILCE-1
Sony,ILCE-1
Sony,ILCE-1
Sony,ILCE-1
Sony,ILCE-1
Sony,ILCE-1
Sony,ILCE-1
Sony,ILCE-1
Sony,ILCE-1
Sony,ILCE-1
Sony,ILCE-1
Sony,ILCE-1
Sony,ILCE-6600/BQIN5 DIGITAL
Sony,ILCE-6600/BQIN5 DIGITAL
Sony,PXW-Z280V
Sony,PXW-Z280V
Sony,PXW-Z280V
Sony,PXW-Z280V
Sony,PXW-Z280V
Sony,PXW-Z280V
Sony,PXW-Z280V
Sony,PXW-Z280V
Sony,PXW-Z280V
Sony,PXW-Z280V
Sony,ILCE-7C
Sony,ILCE-7C
Sony,ILCE-7C
Sony,ILCE-7C
Sony,ILCE-7C
Sony,ILCE-7C
Sony,ILCE-7C
Sony,ILCE-7C
Sony,ILCE-7C
Sony,ILCE-7C
Sony,ILCE-7C
Sony,ILCE-7C
Sony,ILCE-7C
Sony,ILCE-7C
Sony,ILCE-7C
Sony,ILCE-7C
Sony,ILCE-7M4
Sony,ILCE-7M4
Sony,ILCE-7M4
Sony,ILCE-7M4
Sony,ILCE-7M4
Sony,ILCE-7M4
Sony,ILCE-7M4
Sony,ILCE-7M4
Sony,ILCE-7M4
Sony,ILCE-7M4
Sony,ILCE-7M4
Sony,ILCE-7M4
Sony,ILCE-7M4
Sony,ILCE-7M4
Sony,ILCE-7M4
Sony,ILCE-7M4
Sony,ILCE-7M4
Sony,ILCE-7M4
Sony,ILCE-7M4
Sony,ILCE-7M4
Sony,ILCE-7M4
Sony,ILCE-7M4
Sony,ILCE-7M4
Sony,ILCE-7M4
Sony,ILCE-7M4
Sony,ILCE-7M4
Sony,ILCE-7M4
Sony,ILCE-7M4
Sony,ILCE-7M4
Sony,ILCE-7M4
Sony,ILCE-7M4
Sony,ILCE-7M4
Sony,ILCE-7M4
Sony,ILCE-7M4
Sony,ILCE-7M4
Sony,ILCE-7M4
Sony,ILCE-6400
Sony,ILCE-6400
Sony,ILCE-6400
Sony,ILCE-6400
Sony,ILCE-6400
Sony,ILCE-6400
Sony,ILCE-6400
Sony,ILCE-6400
Sony,ILCE-6400
Sony,ILCE-6400
Sony,ILCE-6400
Sony,ILCE-6400
Sony,ILCE-6400
Sony,ILCE-6400
Sony,ILCE-6400
Sony,ILCE-6400
Sony,ILCE-6400
Sony,ILCE-6400
Sony,ILCE-6400
Sony,ILCE-6400
Sony,ILCE-6400
Sony,ILCE-6400
Sony,ILCE-6400
Sony,ILCE-6400
Sony,ILCE-6400
Sony,ILCE-6400
Sony,ILCE-6400
Sony,ILCE-6400
Sony,ILCE-6400
Sony,ILCE-6400
Sony,ILCE-6400
Sony,ILCE-6400
Sony,ILCE-6400
Sony,ILCE-6400
Sony,ILCE-6400
Sony,ILCE-6400
Sony,ILCE-6100L
Sony,ILCE-6100L
Sony,ILCE-6100L
Sony,ILCE-6100L
Sony,ILCE-6100L
Sony,ILCE-6100L
Sony,ILCE-7M3
Sony,ILCE-7M3
Sony,ILCE-7M3
Sony,ILCE-7M3
Sony,ILCE-7M3
Sony,ILCE-7M3
Sony,ILCE-7M3
Sony,ILCE-7M3
Sony,ILCE-7M3
Sony,ILCE-7M3
Sony,ILCE-7M3
Sony,ILCE-7M3
Sony,ILCE-7M3
Sony,ILCE-7M3
Sony,ILCE-7M3
Sony,ILCE-7M3
Sony,ILCE-7M3
Sony,ILCE-7M3
Sony,ILCE-7M3
Sony,ILCE-7M3
Sony,ILCE-7M3
Sony,ILCE-7M3
Sony,ILCE-7M3
Sony,ILCE-7M3
Sony,ILCE-7M3
Sony,ILCE-7M3
Sony,ILCE-7M3
Sony,ILCE-7M3
Sony,ILCE-7M3
Sony,ILCE-7M3
Sony,ILCE-7M3
Sony,ILCE-7M3
Sony,ILCE-7M3
Sony,ILCE-7M3
Sony,ILCE-7M3
Sony,ILCE-7M3
Sony,ILCE-7M3
Sony,ILCE-7M3
Sony,ILCE-7M3
Sony,ILCE-7M3
Sony,ILCE-7M3
Sony,ILCE-7M3
Sony,ILCE-7M3
Sony,ILCE-7M3
Sony,ILCE-7M3
Sony,ILCE-7M3
Sony,ILCE-7M3
Sony,ILCE-7M3
Sony,ILCE-7M3
Sony,ILCE-7M3
Sony,ILCE-7M3
Sony,ILCE-7M3
Sony,ILCE-7M3
Sony,ILCE-7M3
Sony,ILCE-7M3
Sony,ILCE-7M3
Sony,ILCE-7M3
Sony,ILCE-7M3
Sony,ILCE-7M3
Sony,ILCE-7M3
Sony,ILCE-7M3
Sony,ILCE-7M3
Sony,ILCE-7M3
Sony,ILCE-7M3
Sony,ILCE-7M3
Sony,ILCE-7M3
Sony,ILCE-7M3
Sony,ILCE-7M3
Sony,ILCE-7M3
Sony,ILCE-7M3
Sony,ILCE-7M3
Sony,ILCE-7M3
Sony,ILCE-7M3
Sony,ILCE-7M3
Sony,ILCE-6400
Sony,ILCE-6400
Sony,ILCE-6400
Sony,ILCE-6400
Sony,ILCE-6400
Sony,ILCE-6400
Sony,ILCE-6400
Sony,ILCE-6400
Sony,ILCE-6400
Sony,ILCE-6400
Sony,ILCE-6400
Sony,ILCE-6400
Sony,ILCE-6400
Sony,ILCE-6400
Sony,ILCE-6400
Sony,ILCE-6400
Sony,ILCE-6400
Sony,ILCE-6400
Sony,DSC-RX100
Sony,DSC-RX100
Sony,DSC-RX100
Sony,DSC-RX100
Sony,DSC-RX100
Sony,DSC-RX100
Sony,DSC-RX100
Sony,DSC-RX100
Sony,DSC-RX100
Sony,DSC-RX100
Sony,DSC-RX100
Sony,DSC-RX100
Sony,DSC-RX100
Sony,DSC-RX100
Sony,DSC-RX100
Sony,DSC-RX100
Sony,ILCE-6600/BQIN5 DIGITAL
Sony,ILCE-6600/BQIN5 DIGITAL
Sony,ILCE-6600/BQIN5 DIGITAL
Sony,ILCE-6600/BQIN5 DIGITAL
Sony,ILCE-7C
Sony,ILCE-7C
Sony,ILCE-7C
Sony,ILCE-7C
Sony,ILCE-7C
Sony,ILCE-7C
Sony,ILCE-7C
Sony,ILCE-7C
Sony,ILCE-7RM5
Sony,ILCE-7RM5
Sony,ILCE-7RM5
Sony,ILCE-7RM5
Sony,SRG-X400
Sony,SRG-X400
Sony,SRG-X400
Sony,SRG-X400
Sony,SRG-X400
Sony,SRG-X400
Sony,SRG-X400
Sony,BRC-X400
Sony,BRC-X400
Sony,ILCE-7C
Sony,ILCE-7C
Sony,ILCE-7C
Sony,ILCE-7C
Sony,ILCE-7C
Sony,ILCE-7C
Sony,ILCE-7C
Sony,ILCE-7C
Sony,ILCE-7C
Sony,ILCE-7C
Sony,ILCE-7C
Sony,ILCE-7C
Sony,ILCE-7C
Sony,ILCE-7C
Sony,ILCE-7C
Sony,ILCE-7M3
Sony,ILCE-7M3
Sony,ILCE-7M3
Sony,ILCE-7M3
Sony,ILCE-7M3
Sony,ILCE-7M3
Sony,ILCE-7M3
Sony,ILCE-7M3
Sony,ILCE-7M3
Sony,ILCE-7M3
Sony,ILCE-7M3
Sony,ILCE-7M3
Sony,ILCE-7M3
Sony,ILCE-7M3
Sony,ILCE-7M3
Sony,ILCE-7M3
Sony,ILCE-7M3
Sony,ILCE-7M3
Sony,ILCE-7M3
Sony,ILCE-7M3
Sony,ILCE-7M3
Sony,ILCE-7C
Sony,ILCE-7C
Sony,ILCE-7C
Sony,ILCE-7C
Sony,ILCE-7C
Sony,ILCE-7C
Sony,ILCE-7C
Sony,ILCE-7C
Sony,ILCE-7C
Sony,ILCE-7C
Sony,ILCE-7C
Sony,ILCE-7C
Sony,ZV-E10
Sony,ZV-E10
Sony,ZV-E10
Sony,ZV-E10
Sony,ZV-E10
Sony,ZV-E10
Sony,ZV-E10
Sony,ZV-E10
Sony,ZV-E10
Sony,ZV-E10
Sony,ZV-E10
Sony,ZV-E10
Sony,ZV-E10
Sony,ZV-E10
Sony,ZV-E10
Sony,ZV-E10
Sony,ZV-E10
Sony,ZV-E10
Sony,ZV-E10
Sony,ZV-E10
Sony,ZV-E10
Sony,ZV-E10
Sony,ZV-E10
Sony,ZV-E10
Sony,ZV-E10
Sony,ZV-E10
Sony,ZV-E10
Sony,ZV-E10
Sony,ZV-E10
Sony,ZV-E10
Sony,ZV-E10
Sony,ZV-E10
Sony,ZV-E10
Sony,ZV-E10
Sony,ZV-E10
Sony,ZV-E10
Sony,ZV-E10
Sony,ZV-E10
Sony,ZV-E10
Sony,ZV-E10
Sony,ZV-E10
Sony,ILCE-7M2K
Sony,ILCE-7M2K
Sony,ILCE-7M2K
Sony,ILCE-7M2K
Sony,ILCE-7M2K
Sony,ILCE-7M2K
Sony,ILCE-7M2K
Sony,ILCE-7M2K
Sony,ILCE-7M2K
Sony,ILCE-7M2K
Sony,ILCE-7M2K
Sony,ILCE-7RM3A
Sony,ILCE-7RM3A
Sony,ILCE-7RM3A
Sony,ILCE-7RM3A
Sony,ILCE-7RM3A
Sony,ILCE-7RM3A
Sony,ILCE-7RM3A
Sony,ILCE-7RM3A
Sony,ILCE-7RM3A
Sony,ILCE-7RM3A
Sony,ILCE-7RM3A
Sony,ILCE-7RM3A
Sony,ILCE-7RM3A
Sony,ILCE-7RM3A
Sony,ILCE-7RM3A
Sony,ILCE-7RM3A
Sony,ILCE-7RM3A
Sony,ILCE-7RM3A
Sony,ILCE-7RM3A
Sony,ILCE-7RM3A
Sony,ILCE-7RM3A
Sony,ILCE-7RM3A
Sony,ILCE-7RM3A
Sony,ILCE-7RM3A
Sony,ILCE-7RM3A
Sony,ILCE-7RM3A
Sony,ILCE-7RM3A
Sony,ILCE-7RM3A
Sony,ILCE-7RM3A
Sony,ILCE-7RM3A
Sony,ILCE-7RM3A
Sony,ILCE-7RM3A
Sony,ILCE-7RM3A
Sony,ILCE-7RM3A
Sony,ILCE-7RM3A
Sony,ILCE-7RM3A
Sony,ILCE-7RM3A
Sony,ILCE-7RM3A
Sony,ILCE-7RM3A
Sony,ILCE-7RM3A
Sony,PXW-Z190V
Sony,PXW-Z190V
Sony,PXW-Z190V
Sony,PXW-Z190V
Sony,PXW-Z190V
Sony,PXW-Z190V
Sony,PXW-Z190V
Sony,ILCE-6600/BQIN5 32856120
Sony,DSC-RX10M4
Sony,DSC-RX10M4
Sony,DSC-RX10M4
Sony,DSC-RX10M4
Sony,DSC-RX10M4
Sony,DSC-RX10M4
Sony,DSC-RX10M4
Sony,DSC-RX10M4
Sony,DSC-RX10M4
Sony,DSC-RX10M4
Sony,DSC-RX10M4
Sony,DSC-RX10M4
Sony,DSC-RX10M4
Sony,DSC-RX10M4
Sony,DSC-RX10M4
Sony,DSC-RX10M4
Sony,DSC-RX10M4
Sony,DSC-RX10M4
Sony,DSC-RX10M4
Sony,DSC-RX10M4
Sony,DSC-RX10M4
Sony,DSC-RX10M4
Sony,ILCE-7M2K
Sony,ILCE-7M2K
Sony,ILCE-7M2K
Sony,ILCE-7RM4A
Sony,ILCE-7RM4A
Sony,ILCE-7RM4A
Sony,ILCE-7RM4A
Sony,ILCE-7RM4A
Sony,ILCE-7RM4A
Sony,ILCE-7RM4A
Sony,ILCE-7RM4A
Sony,ILCE-7RM4A
Sony,ILCE-7RM4A
Sony,ILCE-7RM4A
Sony,ILCE-7RM4A
Sony,ILCE-7RM4A
Sony,ILCE-7RM4A
Sony,ILCE-7RM4A
Sony,ILCE-7RM4A
Sony,ILCE-7RM4A
Sony,ILCE-6400
Sony,ILCE-6400
Sony,ILCE-6400
Sony,ILCE-6400
Sony,ILCE-6400
Sony,ILCE-6400
Sony,ILCE-6400
Sony,ILCE-6400
Sony,ILCE-6400
Sony,ILCE-6400
Sony,ILCE-6400
Sony,ILCE-6400
Sony,ILCE-6400
Sony,ILCE-6400
Sony,ILCE-6400
Sony,ILCE-6400
Sony,ILCE-6400
Sony,ILCE-6400
Sony,ILCE-6400
Sony,ILCE-7C
Sony,ILCE-7C
Sony,ILCE-7C
Sony,ILCE-7C
Sony,ILCE-7C
Sony,ILCE-7C
Sony,ILCE-7C
Sony,ILCE-7C
Sony,ILCE-7C
Sony,ILCE-7C
Sony,ILCE-7C
Sony,ILCE-7C
Sony,ILCE-7C
Sony,PXW-FX9
Sony,PXW-FX9
Sony,PXW-FX9
Sony,PXW-FX9
Sony,PXW-FX9
Sony,PXW-FX9
Sony,PXW-FX9
Sony,PXW-FX9
Sony,ILCE-6400
Sony,ILCE-6400
Sony,ILCE-6400
Sony,ILCE-6400
Sony,ILCE-6400
Sony,ILCE-6400
Sony,ILCE-6400
Sony,ILCE-6400
Sony,ILCE-7RM3A
Sony,ILCE-7RM3A
Sony,ILCE-7RM3A
Sony,ILCE-7RM3A
Sony,ILCE-7RM3A
Sony,ILCE-7RM3A
Sony,ILCE-7RM3A
Sony,ILCE-7RM3A
Sony,ILCE-7RM3A
Sony,ILCE-7RM3A
Sony,ILCE-7RM3A
Sony,ILCE-7RM3A
Sony,ILCE-7RM3A
Sony,ILCE-7RM3A
Sony,ILCE-7RM3A
Sony,ILCE-7RM3A
Sony,ILCE-7RM3A
Sony,ILCE-7RM3A
Sony,ILCE-7RM3A
Sony,ILCE-7RM3A
Sony,ILCE-7RM3A
Sony,ILCE-7RM3A
Sony,ILCE-7RM3A
Sony,ILCE-7RM3A
Sony,ILCE-7RM3A
Sony,ILCE-7RM3A
Sony,ILCE-7RM3A
Sony,ILCE-7RM3A
Sony,ILCE-7RM3A
Sony,ILCE-7RM3A
Sony,ILCE-7RM3A
Sony,ILCE-7RM3A
Sony,ILCE-7RM3A
Sony,ILCE-7RM3A
Sony,ILCE-7RM3A
Sony,ILCE-7RM3A
Sony,ILCE-7RM3A
Sony,ILCE-7RM3A
Sony,ILCE-7RM3A
Sony,ILCE-7RM3A
Sony,ILCE-7RM3A
Sony,ILCE-7RM3A
Sony,ILCE-7RM3A
Sony,ILCE-7RM3A
Sony,ILCE-7RM3A
Sony,ILCE-7RM3A
Sony,ILCE-7RM3A
Sony,ILCE-7RM3A
Sony,ILCE-7RM3A
Sony,ILCE-7RM3A
Sony,ILCE-7RM3A
Sony,ILCE-7RM3A
Sony,ILCE-7RM3A
Sony,ILCE-7RM3A
Sony,ILCE-6400
Sony,ILCE-6400
Sony,ILCE-6400
Sony,ILCE-6400
Sony,ILCE-6400
Sony,ILCE-6400
Sony,ILCE-6400
Sony,ILCE-6400
Sony,ILCE-7M2K
Sony,ILCE-7M2K
Sony,ILCE-7M2K
Sony,ILCE-7M2K
Sony,ILCE-7M2K
Sony,ILCE-7M2K
Sony,ILCE-7M2K
Sony,SEL24105G
Sony,SEL24105G
Sony,SEL24105G
Sony,SEL24105G
Sony,SEL24105G
Sony,SEL24105G
Sony,SEL24105G
Sony,SEL24105G
Sony,SEL24105G
Sony,SEL24105G
Sony,SEL24105G
Sony,SEL24105G
Sony,SEL24105G
Sony,SEL24105G
Sony,ILCE-7C/SQ
Sony,ILCE-7C/SQ
Sony,ILCE-7C/SQ
Sony,ILCE-7C/SQ
Sony,SEL55210
Sony,SEL55210
Sony,SEL55210
Sony,SEL55210
Sony,SEL55210
Sony,SEL55210
Sony,ILCE-1
Sony,SEL85F14GM
Sony,SEL85F14GM
Sony,SEL85F14GM
Sony,SEL85F14GM
Sony,SEL85F14GM
Sony,SEL85F14GM
Sony,SEL85F14GM
Sony,SEL85F14GM
Sony,SEL85F14GM
Sony,SEL85F14GM
Sony,SEL85F14GM
Sony,SEL85F14GM
Sony,SEL24105G
Sony,SEL24105G
Sony,SEL24105G
Sony,SEL24105G
Sony,SEL24105G
Sony,SEL24105G
Sony,SEL2470GM
Sony,SEL2470GM
Sony,SEL2470GM
Sony,SEL2470GM
Sony,SEL2470GM
Sony,SEL2470GM
Sony,SEL2470GM
Sony,SEL2470GM
Sony,SEL2470GM
Sony,SEL2470GM
Sony,SEL2470GM
Sony,SEL2470GM
Sony,SEL2470GM
Sony,SEL2470GM
Sony,SEL2470GM
Sony,ILCE-7M4
Sony,ILCE-7M4
Sony,ILCE-7M4
Sony,ILCE-7M4
Sony,ILCE-7M4
Sony,ILCE-7M4
Sony,SEL90M28G
Sony,SEL90M28G
Sony,SEL90M28G
Sony,ILCE-7C
Sony,ILCE-7C
Sony,ILCE-7C
Sony,ILCE-7C
Sony,ILCE-7C
Sony,ILCE-7C
Sony,ILCE-7C
Sony,ILCE-7C
Sony,ILCE-7C
Sony,SEL85F14GM
Sony,SEL85F14GM
Sony,SEL85F14GM
Sony,SEL85F14GM
Sony,SEL85F14GM
Sony,SEL85F14GM
Sony,SEL85F14GM
Sony,SEL85F14GM
Sony,SEL85F14GM
Sony,SEL85F14GM
Sony,SEL85F14GM
Sony,SEL85F14GM
Tamron,"M112FM16 1/1.2"" 16 mm"
Sony,ILCE-7C
Sony,ILCE-7C
Sony,ILCE-7C
Sony,ILCE-7C
Sony,ILCE-7C
Sony,ILCE-7C
Sony,ILCE-7C
Sony,ILCE-7C
Sony,ILCE-7C
Sony,ILCE-7C
Sony,ILCE-7C
Sony,ILCE-7C
Sony,ILCE-7C
Sony,ILCE-7C
Sony,ILCE-7C
Sony,ILCE-7C
Sony,SEL2470GM2
Sony,SEL2470GM2
Sony,SEL2470GM2
Sony,SEL2470GM2
Sony,SEL2470GM2
Sony,SEL2470GM2
Sony,SEL2470GM2
Sony,SEL2470GM2
Sony,SEL2470GM2
Sony,SEL2470GM2
Sony,SEL2470GM2
Sony,SEL2470GM2
Sony,HDR-CX405
Sony,HDR-CX405
Sony,SEL16F28
Sony,SEL16F28
Sony,SEL16F28
Sony,SEL16F28
Sony,SEL16F28
Sony,SEL16F28
Sony,SEL90M28G
Sony,SEL90M28G
Sony,SEL90M28G
Sony,SEL90M28G
Sony,SEL90M28G
Sony,SEL90M28G
Sony,SEL90M28G
Sony,SEL90M28G
Sony,SEL90M28G
Sony,SEL90M28G
Sony,SEL90M28G
Sony,SEL90M28G
Sony,ILCE-7M4
Sony,ILCE-7M4
Sony,ILCE-7C
Sony,ILCE-7C
Sony,ILCE-7C
Sony,ILCE-7C
Sony,ILCE-7M4
Sony,ILCE-7M4
Sony,ILCE-7M4
Sony,ILCE-7M4
Sony,SEL2470GM2
Sony,SEL2470GM2
Sony,SEL2470GM2
Sony,SEL2470GM2
Sony,SEL2470GM2
Sony,SEL2470GM2
Sony,SEL2470GM2
Sony,SEL2470GM2
Sony,SEL2470GM2
Sony,SEL2470GM2
Sony,SEL70200GM2Q
Sony,SEL70200GM2Q
Sony,SEL70200GM2Q
Sony,SEL70200GM
Sony,SEL85F14GM
Sony,SEL85F14GM
Sony,SEL85F14GM
Sony,SEL85F14GM
Sony,SEL85F14GM
Sony,SEL85F14GM
Sony,SEL85F14GM
Sony,SEL85F14GM
Sony,SEL85F14GM
Sony,SEL85F14GM
Sony,SEL85F14GM
Sony,SEL85F14GM
Sony,SEL85F14GM
Sony,SEL85F14GM
Sony,SEL85F14GM
Sony,ILCE-7RM5
Sony,ILCE-7RM5
Sony,ILCE-7RM5
Sony,ILCE-7RM5
Sony,ILCE-7RM5
Sony,ILCE-7RM5
Sony,ILCE-7RM5
Sony,ILCE-7RM5
Sony,ILCE-7RM5
Sony,ILCE-7RM5
Sony,ILCE-7RM5
Sony,ILCE-7RM5
Sony,ILCE-7RM5
Sony,ILCE-7RM5
Sony,ILCE-7RM5
Sony,ILCE-7RM5
Sony,ILCE-7M3
Sony,ILCE-7M3
Sony,ILCE-7M3
Sony,ILCE-7M3
Sony,ILCE-7M3
Sony,ILCE-7M3
Sony,ILCE-7M3
Sony,ILCE-7M3
Sony,ILCE-7M3
Sony,ILCE-7M3
Sony,ILCE-7M3
Sony,ILCE-7M3
Sony,ILCE-7M3
Sony,ILCE-7M3
Sony,ILCE-7M3
Sony,ILCE-7M3
Sony,ILCE-7M3
Sony,ILCE-7M3
Sony,ILCE-7M3
Sony,ILCE-7M3
Tamron,"M118FM25 1/1.8"" 25 mm"
Sony,ILCE-7C
Sony,ILCE-7C
Sony,ILCE-7C
Sony,ILCE-1
Sony,ILCE-1
Sony,SEL24105G
Sony,SEL24105G
Sony,SEL24105G
Sony,SEL24105G
Sony,SELP18105G 
Sony,SELP18105G 
Sony,SELP18105G 
Sony,SELP18105G 
Sony,SELP18105G 
Sony,SELP18105G 
Sony,ILCE-7C
Sony,ILCE-7C
Sony,ILCE-7C
Sony,ILCE-7M4
Sony,ILCE-7M4
Sony,ILCE-7M4
Sony,ILCE-7M4
Sony,ILCE-7M4
Tamron,"M118FM16 1/1.8"" 16 mm"
Sony,SEL16F28
Sony,SEL16F28
Sony,SEL16F28
Sony,SEL16F28
Sony,SEL16F28
Sony,SEL16F28
Sony,SEL16F28
Sony,SEL16F28
Sony,SEL16F28
Sony,SEL90M28G
Sony,SEL90M28G
Sony,SEL90M28G
Sony,SEL90M28G
Sony,SEL90M28G
Sony,SEL90M28G
Sony,SEL90M28G
Sony,SEL90M28G
Sony,ILCE-7C
Sony,ILCE-7C
Sony,ILCE-7C
Sony,ILCE-7C
Sony,SEL200600G
Sony,SEL50F18
Sony,SEL35F18F
Sony,SEL200600G
Sony,SEL200600G
Sony,SEL35F18F
Sony,SEL35F18F
Sony,SEL35F18F
Sony,SEL85F18 
Sony,SEL85F18 
Sony,SEL200600G
Sony,SEL50F18F
Sony,SEL50F18F
Sony,SEL50F18F
Sony,SEL50F18F
Sony,SEL50F18F
Sony,SEL50F18F
Sony,SEL50F18F
Sony,SEL50F18F
Sony,SEL50F18
Sony,SEL50F18
Sony,SEL50F18
Sony,SEL11F18
Sony,SEL85F18 
Sony,SEL85F18 
Sony,SEL11F18
Sony,SEL85F18
Sony,SEL85F18
Sony,SEL85F18
Sony,SEL15F14G
Sony,HDC3100/L3 SYM
Sony,HDC3100/L3 SYM
Sony,HDC3100/L3 SYM
Sony,HDC3100/L3 SYM
Sony,ILME-FX3
Sony,ILME-FX3
Sony,ILME-FX3
Sony,ILME-FX3
Sony,ILCE-6600/BQIN5
Sony,ILCE-7M4
Sony,ILCE-7M4
Sony,ILCE-7M4
Sony,ILCE-7M4
Sony,SELP1635G
Sony,PXW-FX9
Sony,PXW-FX9
Sony,ILCE-6400
Sony,DSC-RX100
Sony,SEL14F18GM
Sony,SEL14F18GM
Sony,SEL14F18GM
Sony,ILCE-6100L
Sony,ILCE-6100L
Sony,PXW-FX9
Sony,ILCE-7M3
Sony,ILCE-7M3
Sony,ILCE-6600
Sony,SEL14F18GM
Sony,SEL16F28
Sony,SEL16F28
Sony,SEL16F28
Sony,ILCE-6100/BQIN5
Sony,ILCE-6100/BQIN5
Sony,ILCE-6100/BQIN5
Sony,ILCE-6100/BQIN5
Sony,ILCE-6100/BQIN5
Sony,ILCE-6100/BQIN5
Sony,ILCE-6400
Sony,ILCE-6400
Sony,ILCE-6400
Sony,ILCE-6400
Sony,ILCE-6100Y
Sony,ILCE-6100Y
Sony,ILCE-6100Y
Sony,ILCE-6100Y
Sony,ILCE-6100Y
Sony,ILCE-6100Y
Sony,SEL2470Z 
Sony,SEL2470Z 
Sony,SEL2470Z 
Sony,ILCE-6400
Sony,ILCE-6400
Sony,ILCE-7M4
Sony,ILCE-7M4
Sony,ILCE-7M4
Sony,ILCE-7M4
Sony,ILCE-7M4
Sony,ILCE-7M4
Sony,ILCE-7RM4A
Sony,ILCE-7RM4A
Sony,ILCE-7RM4A
Sony,ILCE-7RM4A
Sony,ILCE-6400
Sony,ILCE-6400
Sony,ILCE-6400
Sony,ILCE-6400
Sony,PXW-Z150
Sony,ILCE-7RM4A
Sony,ILCE-7RM4A
Sony,ILCE-7RM4A
Sony,ILCE-7RM4A
Sony,SEL2470Z 
Sony,SEL2470Z 
Sony,SEL2470Z 
Sony,SEL2470Z 
Sony,SEL2470Z 
Sony,SEL2470Z 
Sony,SEL2470Z 
Sony,SEL2470Z 
Sony,SEL2470Z 
Sony,SEL2470Z 
Sony,SEL2470Z 
Sony,SEL2470Z 
Sony,SEL2470Z 
Sony,ILCE-6600
Sony,ILCE-6600
Sony,ILCE-6600
Sony,IN5 ZV-1F/BC
Sony,IN5 ZV-1F/BC
Sony,IN5 ZV-1F/BC
Sony,IN5 ZV-1F/BC
Sony,IN5 ZV-1F/BC
Sony,IN5 ZV-1F/BC
Sony,IN5 ZV-1F/BC
Sony,IN5 ZV-1F/BC
Sony,PXW-Z280V
Sony,PXW-Z280V
Sony,PXW-Z280V
Sony,DSC-RX10M4
Sony,DSC-RX10M4
Sony,DSC-RX10M4
Sony,DSC-RX10M4
Sony,FDR-AX43
Tamron,A046SF 17-28 mm
Tamron,AA022N0000+A87
Tamron,A5A00693-00010
Tamron,AA057S0000+A91
Tamron,A5A00249-00000
Tamron,A7000031-00000R 
Tamron,B070S 17-70 mm
Tamron,B070S 17-70 mm
Tamron,B070S 17-70 mm
Tamron,B070S 17-70 mm
Tamron,B070S 17-70 mm
Tamron,B070S 17-70 mm
Tamron,B070S 17-70 mm
Tamron,B070S 17-70 mm
Tamron,B070S 17-70 mm
Tamron,B070S 17-70 mm
Tamron,B070S 17-70 mm
Tamron,B070S 17-70 mm
Tamron,B070S 17-70 mm
Tamron,B070S 17-70 mm
Tamron,B070S 17-70 mm
Tamron,B070S 17-70 mm
Tamron,A5A00692-00000
Tamron,A5900176-00010
Sony,ILCE-6100L
Sony,ILCE-6100L
Sony,ILCE-6100L
Sony,ILCE-6100L
Sony,ILCE-6100L
Sony,ILCE-6100L
Sony,ILCE-6100L
Sony,ILCE-6100L
Sony,ILCE-6100L
Sony,ILCE-6100L
Sony,ILCE-6100L
Sony,ILCE-6100L
Sony,ILCE-6100L
Sony,ILCE-6100L
Sony,ILCE-6100L
Sony,ILCE-6100L
Sony,ILCE-6100L
Sony,ILCE-6100L
Sony,ILCE-6100L
Sony,ILCE-6100L
Sony,ILCE-6100L
Tamron,AA011E0000+AA2
Tamron,B060S 11-20 mm
Tamron,B060S 11-20 mm
Tamron,B060S 11-20 mm
Tamron,B060S 11-20 mm
Tamron,AA025N0000+A94
Tamron,A5A00382-00000
Tamron,A5A00382-00000
Tamron,B061X 18-300 mm
Tamron,B061X 18-300 mm
Tamron,B061X 18-300 mm
Sony,IN5 ZV-1F/BC
Sony,IN5 ZV-1F/BC
Sony,IN5 ZV-1F/BC
Sony,IN5 ZV-1F/BC
Sony,IN5 ZV-1F/BC
Sony,IN5 ZV-1F/BC
Sony,IN5 ZV-1F/BC
Sony,IN5 ZV-1F/BC
Sony,IN5 ZV-1F/BC
Sony,IN5 ZV-1F/BC
Sony,DSC-RX10M4
Sony,DSC-RX10M4
Sony,DSC-RX10M4
Sony,ILCE-7M3
Sony,ILCE-7M3
Sony,ILCE-7M3
Sony,ILCE-7M3
Sony,ILCE-7M3
Sony,ILCE-7M3
Sony,ILCE-7M3
Sony,ILCE-7M3
Sony,ILCE-7M3
Tamron,MP005091-0001R
Sony,ILCE-7RM3A
Sony,ILCE-7RM3A
Tamron,AA011E0000+AA4
Sony,ILCE-6100-BQIN5
Sony,ILCE-6100-BQIN5
Sony,ILCE-6100-BQIN5
Sony,ILCE-6100-BQIN5
Sony,ILCE-6100-BQIN5
Sony,ILCE-6100-BQIN5
Sony,ILCE-6100-BQIN5
Sony,ILCE-6100-BQIN5
Sony,ILCE-6100-BQIN5
Sony,ILCE-6100-BQIN5
Sony,ILCE-6100-BQIN5
Sony,ILCE-6100-BQIN5
Sony,ILCE-6100-BQIN5
Sony,ILCE-6100-BQIN5
Sony,ILCE-6100-BQIN5
Sony,ILCE-6100L
Sony,ILCE-6100L
Sony,ILCE-6100L
Sony,ILCE-6100L
Sony,ILCE-6100L
Sony,ILCE-6100L
Sony,ILCE-6100Y
Sony,ILCE-6100Y
Sony,ILCE-6100Y
Sony,ILCE-6100Y
Sony,ILCE-6100Y
Sony,ILCE-6100Y
Sony,ILCE-6100Y
Sony,ILCE-6100Y
Sony,ILCE-6100Y
Sony,ILCE-6100Y
Sony,ILCE-6100Y
Sony,ILCE-6100Y
Sony,ILCE-6100Y
Sony,ILCE-6100Y
Sony,ILCE-6100Y
Tamron,A047S 70-300 mm
Tamron,AB070X0000+A87
Tamron,F012N SP 35 mm
Tamron,AA036SF000+A90 
Tamron,B028N 18-400 mm
Tamron,B028N 18-400 mm
Tamron,A035E 100-400 mm
Tamron,A035E 100-400 mm
Tamron,072EE00A8300 
Tamron,072EE00A8300 
Tamron,AA036SF000+A81
Tamron,AA036SF000+A88 
Tamron,AA032N0000+A96
Tamron,AA032N0000+A96
Tamron,AA046SF000+A84
Tamron,MP005016-0000
Tamron,A056SF 70-180 mm
Tamron,AA011E0000+A95
Tamron,AA011E0000+A85
Tamron,F050SF 20 mm
Tamron,A063S 28-75 mm
Tamron,AA036SF000+A87
Tamron,A062S 20-40 mm
Tamron,AA022N0000+A91
Tamron,AA022N0000+A82 
Tamron,AA035N0000+A82 
Tamron,AA032N0000+A92
Tamron,AE17000A0900 1G 
Tamron,AA036SF000+A89
Tamron,AA011E0000+AA5
Tamron,A032E SP 24-70 mm
Tamron,A032E SP 24-70 mm
Sony,ILCE-7M4
Sony,ILCE-7M3
Sony,ILCE-7M3
Tamron,AA011E0000+A96 
Sony,DSC-RX10M4
Sony,DSC-RX10M4
Sony,DSC-RX10M4
Sony,ILCE-6100-BQIN5
Sony,ILCE-6100-BQIN5
Sony,ILCE-6100-BQIN5
Sony,ILCE-6100-BQIN5
Sony,ILCE-6100-BQIN5
Sony,ILCE-6100-BQIN5
Sony,ILCE-6100-BQIN5
Sony,ILCE-6100-BQIN5
Sony,ILCE-6100-BQIN5
Sony,ILCE-6100-BQIN5
Sony,ILCE-6100-BQIN5
Sony,ILCE-6100-BQIN5
Sony,ILCE-6100-BQIN5
Sony,ILCE-6100-BQIN5
Sony,ILCE-6100-BQIN5
Sony,ILCE-6100-BQIN5
Sony,ILCE-6100-BQIN5
Sony,ILCE-6100-BQIN5
Tamron,MP007348-0000
Tamron,MP005029-0000 
Tamron,A071SF 28-200 mm
Tamron,A071SF 28-200 mm
Tamron,AA057S0000+A98 
Tamron,AA025N0000+A87
Sony,ILCE-7M3
Sony,ILCE-7M3
Sony,ILCE-6100Y
Sony,ILCE-6100Y
Sony,ILCE-6100Y
Sony,ILCE-6100Y
Sony,ILCE-6100Y
Sony,ILCE-6100Y
Sony,ILCE-6100Y
Sony,ILCE-6100Y
Sony,ILCE-6100Y
Sony,ILCE-6100Y
Sony,ILCE-7M4
Tamron,AA001E0000+A83
Tamron,AA001E0000+A83
Tamron,AB070S0000+A87
Tamron,AA056SF000+A80
Tamron,AF045E0000+A83
Tamron,AF045E0000+A83
Tamron,AA047S0000+A92
Tamron,AA036SF000+A93
Sony,ILCE-7RM5
Sony,ILCE-7RM5
Sony,ILCE-7RM5
Sony,ILCE-7RM5
Tamron,MP004547-0001
Sony,SEL90M28G
Sony,SEL90M28G
Sony,MPC-3628
Sony,MPC-3628
Sony,MPC-3628
Sony,SELP18105G 
Sony,SELP18105G 
Sony,SELP18105G 
Sony,SELP18105G 
Sony,SELP18105G 
Sony,SELP18105G 
Sony,SELP18105G 
Sony,SELP18105G 
Sony,SELP18105G 
Sony,SELP18105G 
Sony,SELP18105G 
Sony,SELP18105G 
Sony,SELP18105G 
Sony,SELP18105G 
Sony,SELP18105G 
Sony,SELP18105G 
Sony,SELP18105G 
Sony,SELP18105G 
Sony,SELP18105G 
Sony,SELP18105G 
Sony,SELP18105G 
Sony,SELP18105G 
Sony,SELP18105G 
Sony,SELP18105G 
Sony,SELP18105G 
Sony,SELP18105G 
Sony,SELP18105G 
Sony,SELP18105G 
Sony,SEL28F20
Sony,ILCE-7M3
Sony,ILCE-7M3
Sony,ILCE-6100Y
Sony,ILCE-6100Y
Sony,ILCE-6100L
Sony,ILCE-6100L
Sony,ILCE-6100L
Sony,HDR-CX405
Sony,HDR-CX405
Sony,SEL20F18G
Sony,PXW-Z280V
Sony,SEL1635GM 
Sony,SEL55210
Sony,SEL55210
Sony,SEL55210
Sony,SEL28F20
Sony,SEL1635GM 
Sony,SEL1635GM 
Sony,SEL1635GM 
Sony,SEL1635GM 
Sony,SEL1635GM 
Sony,SEL1635GM 
Sony,ILCE-7M3
Sony,ILCE-7M3
Sony,SEL55210
Sony,SEL55210
Sony,SEL55210
Sony,ILCE-7C
Sony,ILCE-7C
Sony,ILCE-7C
Sony,ILCE-7C
Sony,SEL20F18G
Sony,SEL20F18G
Sony,SEL20F18G
Sony,PXW-Z190
Sony,PXW-Z190
Sony,SEL35F14GM
Sony,SEL35F14GM
Sony,SEL35F14GM
Sony,PXW-Z90V
Sony,PXW-Z90V
Sony,SEL1635GM 
Sony,SEL14TC
Sony,SEL35F14GM
Sony,SEL20F18G
Sony,SEL50F14GM
Sony,SEL50F14GM
Sony,SEL15F14G
Sony,DSC-RX100
Sony,DSC-RX100
Sony,DSC-RX100
Sony,SEL70200GM
Sony,SEL70200GM
Sony,ILCE-7C
Sony,SEL70200GM
Sony,ILCE-7C
Sony,SEL85F14GM
Sony,SEL85F14GM
Sony,ILCE-7C
Sony,DSC-RX10M4
Sony,SEL24F14GM 
Sony,ZV-E10
Sony,ZV-E10
Sony,ZV-E10
Sony,ILCE-6400
Sony,ILCE-6400
Sony,ILCE-7M3
Sony,ILCE-7M3
Sony,ILCE-7M3
Sony,ILCE-6400
Sony,ZV-E10
Sony,ZV-E10
Sony,ZV-E10
Sony,ILCE-1/BQ
Sony,ZV-E10
Sony,ILCE-7M3
Sony,ZV-E10
Sony,SRG-X120/BC
Sony,SRG-X120/BC
Sony,HDC3500/L4 UCJ
Leica,M320 IVCIII
Fujifilm,X-T30 II
Fujifilm,X-S10
Leica,M320 IVCIII
Fujifilm,X-S10
Leica,M320 IVCIII
Leica,M320 IVCIII
Fujifilm,X-T30 II
Fujifilm,X-T30 II
Fujifilm,X-T30 II
Leica,M320 IVCIII
Leica,M320 IVCIII
Canon,CR-N700
Leica,FLEXACAM C3
Leica,K3M 11547113
Fujifilm,FBB00036846-100
Fujifilm,X100V
Fujifilm,X100V
Fujifilm,X100V
Fujifilm,X100V
Canon,CY3-2307-000
Tokina,ATX-I 100 mm
Canon,YG2-3140-010
Canon,CY3-2234-000
Canon,CY3-2502-000
Canon,CY3-2495-010
Canon,YG2-2975-000
Canon,YG2-3004-010
Tokina,ATX-I 100 mm
Canon,YG2-2502-010
Tokina,ATX-I 11-20 mm
Canon,YG2-3272-010
Fujifilm,XF16 mm
Canon,EOS 3000D
Canon,EOS 200D II
Canon,EOS 1500D
Canon,EOS R50
Fujifilm,XF30 mm
Fujifilm,F XF56 mm
Fujifilm,XF30 mm
Fujifilm,XF55-200 mm
Fujifilm,XF16 mm
Fujifilm,F XF56 mm
Canon,RF50 mm
Canon,EOS 1500D
Fujifilm,F XF56 mm
Fujifilm,F XF56 mm
Canon,EOS R50
Fujifilm,F XF56 mm
Canon,EOS 3000D
Fujifilm,XF55-200 mm
Fujifilm,F XF56 mm
Canon,EOS R7
Canon,EOS R7
Canon,EOS 90D
Canon,POWERSHOT G7X
Canon,IXUS 28HS
Canon,EOS R10
Canon,SX70HS
Canon,EOS R10
Canon,POWERSHOT G7X
Canon,POWERSHOT G7X
Canon,EOS R7
Canon,IXUS 28HS
Canon,SX70HS
Fujifilm,XF18-120 mm
Canon,POWERSHOT G7X
Canon,POWERSHOT G7X
Fujifilm,GF20-35 mm
Canon,RF100/2.8L
Canon,RF100-300 mm
Canon,EOS R10
Canon,EOS R10
Fujifilm,XF18-120 mm
Fujifilm,GF20-35 mm
Canon,EOS R10
Fujifilm,GF20-35 mm
Fujifilm,XF18-120 mm
Canon,RF100-500L
Canon,IXUS 28HS
Fujifilm,XF70-300 mm
Leica,M320 IVCIII
Fujifilm,XF50 mm
Leica,K3C
Fujifilm,XF16 mm
Fujifilm,F XF18 mm
Fujifilm,XF10-24 mmF4
Fujifilm,XF23 mm
Fujifilm,XF23 mm
Fujifilm,F XF27 mmF2.8 R
Fujifilm,XF50 mm
Fujifilm,XF10-24 mmF4
Fujifilm,XF33 mm
Fujifilm,XF16 mm
Fujifilm,XF23 mm
Fujifilm,XF90 mmF2
Fujifilm,XF23 mm
Fujifilm,F XF18 mm
Fujifilm,F X-S10 LK
Fujifilm,X-S10
Fujifilm,X-H2
Fujifilm,X-T30 II
Fujifilm,X-T5
Fujifilm,X-T30 II
Canon,CY3-2064-000
Canon,EOS R5
Canon,"CY3-2680-000 ASS'Y,"
Canon,"CY3-2601-000 ASS'Y,"
Canon,YG2-2502-010
Fujifilm,F X-S10 LK
Canon,RF100-500L
Fujifilm,F X-S10 LK
Fujifilm,X-H2
Canon,RF100/2.8L
Canon,CY3-2347-000
Fujifilm,F X-S10 LK
Canon,EOS R5
Canon,CY3-2517-000
Fujifilm,F X-S10 LK
Fujifilm,X-T30 II
Canon,CY3-2619-000
Canon,YG2-2975-000
Fujifilm,X-T30 II
Canon,YG2-2356-000
Canon,CY3-2234-000
Canon,CY3-2616-010
Canon,RF28-70 mm f-2L USM
Canon,EOS R50
Canon,RF15-35 mm
Canon,RF100-300 mm
Canon,RF85/2
Canon,XF 605
Canon,RF400/2.8L
Canon,EOS R10
Canon,EF75-300 mm
Canon,RF600
Canon,EOS R7
Canon,RF100-400 mm
Canon,EOS R7
Canon,EF70-300 mm
Canon,RF800/11
Canon,EF100-400 mm
Canon,EOS R8
Canon,RF24-70 mm
Canon,EF50 mm
Canon,RF70-200 mm
Fujifilm,SX800
Canon,RF24-240 mm
Canon,EF-M18-150 mm
Canon,EOS 200D II
Canon,RF600
Canon,EOS R8
Canon,EF-S18-135 mm
Canon,EOS R10
Canon,RF50 mm
Canon,RF24-70 mm
Canon,RF85 mm
Canon,RF-S55-210/5-7.1 IS
Canon,EF-M28 mm f/3.5
Canon,RF24/F1.8
Canon,XA 60
Canon,POWERSHOT G7X
Canon,POWERSHOT G7X
Canon,POWERSHOT G7X
Canon,POWERSHOT G7X
Canon,POWERSHOT G7X
Canon,RF50 mm
Canon,EOS R7
Canon,EF75-300 mm
Canon,EOS R10
Canon,EF70-200 mm
Fujifilm,F XF35 mm
Canon,EF-S10-18 mm f/4.5-5.6
Canon,RF100-400 mm
Canon,EOS R8
Canon,SX70HS
Canon,EOS R8
Canon,EOS R8
Canon,RF28-70 mm f-2L USM
Fujifilm,GFX100
Fujifilm,HA42X13.5BERD-U48
Fujifilm,HA42X9.7BERD-U48
Leica,M320 IVCIII
Fujifilm,GF63 mm
Fujifilm,X100V
Fujifilm,GF45-100 mm
Canon,RF-S55-210/5-7.1 IS
Fujifilm,F XF35 mm
Fujifilm,XF50-140 mm
Fujifilm,XF50-140 mm
Fujifilm,F XF35 mm
Fujifilm,GF32-64 mm
Fujifilm,F XF60 mm
Canon,RF-S18-150 mm
Leica,K3C
Leica,K3C
Fujifilm,BESM-T45
Leica,K3C
Leica,K3M 11547113
Leica,K3C
Canon,EOS R50
Canon,EOS R6
Canon,EOS R6
Canon,EOS R50
Canon,SX70HS
Canon,EOS R6
Canon,EOS R6
Canon,RF100-300 mm
Canon,XF 605
Canon,IXUS 28HS
Canon,XA 60
Canon,XA 60
Fujifilm,F X-T30
Canon,XA 60
Canon,EOS R6
Fujifilm,F X-T30
Fujifilm,XF70-300 mm
Fujifilm,F XF27 mmF2.8 R
Fujifilm,XF23 mm
Fujifilm,F XF8 mm
Fujifilm,F XF27 mmF2.8 R
Fujifilm,XF33 mm
Canon,EOS R6
Canon,EOS R6
Canon,SX740
Canon,EOS R8
Fujifilm,XF70-300 mm
Fujifilm,XF23 mm
Canon,EOS R8
Canon,IXUS 28HS
Fujifilm,XF23 mm
Fujifilm,XF70-300 mm
Fujifilm,XF33 mm
Fujifilm,XF70-300 mm
Canon,EOS R6
Fujifilm,F X-T30
Canon,EF75-300 mm
Canon,EF-S24 mm F/2.8
Fujifilm,BESM-T45
Fujifilm,PREMISTA80-250 mmT2.9-3.5
Canon,EOS R8
Canon,POWERSHOT G7X
Canon,EOS R6
Fujifilm,F XF8 mm
Canon,RF100-500L
Canon,EOS R6
Fujifilm,XF23 mm
Canon,EF50 mm
Canon,EOS R8
Canon,"CY3-2680-000 ASS'Y,"
Canon,CY3-2714-000
Canon,CY3-2692-000
Canon,YG2-2567-000
Canon,CY3-2494-000
Canon,CY3-2495-010
Canon,YG2-2560-000
Canon,CY3-2616-010
Canon,YG2-2356-000
Fujifilm,X 100V
Canon,CY3-2619-000
Canon,CY3-2495-010
Leica,M320 IVCIII
Leica,K3C
Leica,K3M 11547113
Leica,K3C
Fujifilm,BESM-T45
Leica,K3C
Canon,XF 605
Leica,DLUX 7
Leica,APO-SU mmICRON-M 35
Leica,SU mmICON-M 90 mm
Leica,DLUX 7
Leica,LEICA Q2
Leica,M11
Leica,Q3
Canon,BCTV CJ45EX13.6B
Canon,CJ14EX4.3B IASE
Canon,EOS 200D II
Canon,"CY3-2680-000 ASS'Y,"
Canon,CY3-2517-000
Canon,CY3-2714-000
Canon,YG2-2193-000
Canon,CY3-2264-000
Canon,CY3-2399-000
Canon,CY3-2494-000
Canon,CJ24EX7.5B IASE
Canon,"CY3-2601-000 ASS'Y,"
Canon,XA 75
Fujifilm,F X-T30
Fujifilm,F X-T30
Fujifilm,F X-T30
Canon,EOS R6
Canon,EOS R6
Canon,EOS R6
Canon,BCTV CJ45EX13.6B
Fujifilm,XF18-120 mm
Canon,EOS R6
Fujifilm,XF18-120 mm
Samyang,AF 12 mm F2.0
Samyang,T1.5 VDSLR MK2
Samyang,AF 35 mm
Samyang,100 mm F2.8
Samyang,8 mm F3.5
Nikon,Z 50 BK
Nikon,Z 50 BK
Nikon,Nikkor Z 40 mm
Nikon,NIKKOR Z 24-120 mm
Nikon,NIKKOR Z DX 12-28 mm
Nikon,Z5
Samyang,100 mm F2.8
Samyang,AF 24 mm F1.8
Nikon,NIKKOR Z DX 18-140 mm
Samyang,135 mm F2.0
Samyang,AF 14 mm
Samyang,AF 24-70 mm
Samyang,AF 35-150 mm
Samyang,AF 18 mm F2.8
Olympus,N5409160
Samyang,T1.5 VDSLR MK2
Samyang,8 mm F3.5
Samyang,AF 135 mm F1.8
Nikon,NIKKOR Z 50 mm
Nikon,Z5 BK
Olympus,N6154750
Nikon,NIKKOR Z 20 mm
Nikon,MQA19000
Olympus,CH-S200-08-LB HD
Olympus,CH-S200-08-LB HD
Sigma,AF 35 mm
Sigma,AF 20 mm
Sigma,AF 18-50 mm
Sigma,AF 16 mm
Sigma,AF 35 mm
Sigma,AF 18-50 mm
Panasonic,DC-S5M2GW
Panasonic,DC-S5M2GW
Nikon,NIKKOR Z 400 mm
Panasonic,DC-S5M2GW
Nikon,Z 5 BK
Nikon,Z 8 BK
Nikon,NIKKOR 600 mm
Panasonic,DC-S5M2GW
Nikon,Z 6 II
Olympus,CH-S200-08-LB HD
Olympus,N6154750
Nikon,Z5 BK
Nikon,NIKKOR Z 28 mm
Olympus,CH-S200-08-LB HD
Nikon,NIKKOR Z 24-200 mm
Nikon,Z5 BK
Nikon,Nikkor 10-20 mm
Nikon,11V1D
Nikon,120ER
Nikon,LENS-G
Nikon,12R1D
Nikon,1C999-429
Nikon,JAA53351-0235
Nikon,MF000671-0000
Nikon,1C999-429
Nikon,11Y8C-A04M44
Nikon,1K685-282
Nikon,NIKKOR Z 35 mm
Nikon,120ER
Nikon,AF-S 85
Nikon,1K684-476
Nikon,NIKKOR Z 85 mm
Nikon,11V1D
Nikon,129F6
Nikon,G1
Nikon,116RW-A03D2L
Nikon,116RW-A03D2L
Olympus,N6154750
Nikon,AF-S DX35 mm
Panasonic,SXW0001
Nikon,Z 50 BK
Nikon,Z5 BK
Panasonic,AG-X20ED
Nikon,NIKKOR Z 400 mm
Nikon,Z 5 BK
Panasonic,AG-X20ED
Panasonic,AG-CX8ED
Panasonic,AG-X20ED
Nikon,COOLPIX
Panasonic,AG-X20ED
Nikon,Nikkor 200-500 mm
Nikon,Z 6 II
Nikon,Z5
Nikon,TC-1.4X
Nikon,MQA18000 DS-FI3
Nikon,120ER
Nikon,11V1D
Nikon,MQA18000 DS-FI3
Nikon,NIKKOR Z 70-200 mm
Nikon,DS-Qi2
Nikon,NIKKOR Z DX 12-28 mm
Olympus,N6154750
Nikon,129F6
Nikon,G Unit 12M21
Nikon,MQA18000 DS-FI3
Nikon,129F6
Nikon,120ER
Nikon,1C999-542
Nikon,G Unit 12M24
Nikon,1B100-964
Nikon,11Y8B-A04M44
Nikon,1B100-964
Nikon,11V1D
Nikon,LENS-G
Nikon,1C999-532-1
Nikon,NIKKOR Z 400 mm
Panasonic,ET-EMW500
Nikon,Nikkor 8-15 mm
Olympus,N5409160
Sigma,AF 16 mm
Nikon,Nikkor 24-70 mm
Sigma,ES AF 30 mm F/1.4
Sigma,AF 105 mm
Olympus,N5409160
Sigma,AF 105 mm
Sigma,AF 35 mm
Nikon,Nikkor 105 mm
Nikon,JAK101DA
Nikon,AF-S 300/4E
Nikon,TC-14E III
Nikon,AF-S 300/4E
Panasonic,EMW300
Sigma,AF 18-50 mm
Sigma,ES AF 105 mm F/2.8
Sigma,AF 150-600 mm
Sigma,AF 150-600 mm
Sigma,AF 18-35 mm
Sigma,AF 100-400 mm F/5-6.3
Nikon,Nikkor 600 mm
Nikon,Nikkor D LENS
Nikon,Nikkor 105 mm
Sigma,TC-2001
Sigma,AF 150-600 mm
Sigma,56 mm F/1.4
Sigma,AF 35 mm
Sigma,SIGMA FP
Olympus,N5409160
Sigma,AF 150-600 mm
Sigma,AF 24-105 mm
Sigma,AF 16 mm
Sigma,AF 85 mm
Sigma,AF 70-200 mm F/2.8
Panasonic,HC-V385GW-K
Nikon,Z 8 BK
Nikon,Z 8 BK
Panasonic,HC-V385GW-K
Panasonic,DC-S5M2GW
Nikon,Z5 BK
Panasonic,DC-S5M2GW
Panasonic,DC-S5M2GW
Nikon,Z5 BK
Nikon,Z5
Panasonic,DC-S5M2GW
Panasonic,DC-S5M2GW
Nikon,Z 50 BK
Nikon,D7500
Olympus,N5409160
Olympus,N5409160
Olympus,GL185000
Olympus,N5409160
Nikon,NIKKOR Z 28 mm
Nikon,134WC
Sigma,AF 14 mm
Sigma,AF 18-35 mm F/1.8
Nikon,MQA18000 DS-FI3
Sigma,ES AF 30 mm F/1.4
Nikon,NIKKOR Z 50 mm
Nikon,129F6
Nikon,11Y8B-A04M44
Nikon,122VA-A0D00L
Nikon,12G1V
Sigma,AF 24 mm F1.8
Nikon,1C999
Sigma,AF 24 mm F1.8
Sigma,AF 30 mm
Sigma,AF 24 mm F1.8
Nikon,120H3
Sigma,AF 85 mm
Nikon,127XX
Sigma,AF 28-70 mm
Nikon,1C999-542
Sigma,AF 24 mm F1.8
Nikon,G Unit 1F999-037
Nikon,G Unit 1F999-022
Nikon,NIKKOR Z 24-120 mm
Nikon,TC-2.0X JMA904DA
Sigma,AF 35 mm
Sigma,AF 16 mm
Sigma,AF 30 mm
Sigma,AF 16 mm
Nikon,129F6
Sigma,AF 85 mm
Nikon,G Unit 1F999-036
Nikon,MQA18000 DS-FI3
Nikon,2ND-4TH
Nikon,Nikkor 50 mm
Sigma,AF 150-600 mm
Sigma,56 mm
Sigma,56 mm F/1.4
Nikon,Z30
Sigma,AF 24 mm F1.8
Sigma,56 mm F/1.4
Nikon,1C999-429
Nikon,120H3
Nikon,MQA18000 DS-FI3
Sigma,ES AF 30 mm F/1.4
Nikon,AF-S 85
Sigma,56 mm
Nikon,MQA19000
Nikon,116RW-A03D2L
Nikon,Z 6 II
Nikon,G1G3
Nikon,120ER
Nikon,MF000671-0000
Panasonic,S-E2470GC
Olympus,N5409160
Olympus,N6154750
Panasonic,AG-CX8ED
Panasonic,AG-CX8ED
Nikon,MQA19000
Nikon,MQA19000
Olympus,N5409160
Nikon,MQA19000
Nikon,NIKKOR Z 85 mm
Nikon,NIKKOR 600 mm
Nikon,MQA18000 DS-FI3
Nikon,MQA18000 DS-FI3
Nikon,Z5 BK
Nikon,MQA18000 DS-FI3
Nikon,MQA19000
Nikon,MQA18000 DS-FI3
Nikon,MQA20000
Nikon,MEL56200
Nikon,11V1D
Nikon,11G98
Nikon,129F6
Panasonic,DC-G9GW-K
Nikon,MF000671-0000
Panasonic,DMC-G7KGW-K
Panasonic,AG-X20ED
Panasonic,H-RS100400C9
Nikon,12R1D
Panasonic,DC-S5M2GW
Nikon,120ER
Nikon,NIKKOR Z 24-200 mm
Nikon,G Unit 1F999-022
Nikon,Z 8 BK
Panasonic,DMC-G85HAGWK
Panasonic,DMC-FZ2500GA
Nikon,Z 8 BK
Panasonic,AG-X20ED
Nikon,120H3
Panasonic,S-R1428GC
Panasonic,ET-EMW400
Panasonic,S-R24105GC
Nikon,Z30
Nikon,NIKKOR Z DX 12-28 mm
Panasonic,S-S35GC
Panasonic,H-H025E-K
Panasonic,S-S24GC
Panasonic,S-E70200GC
Panasonic,DC-S5M2GW
Panasonic,S-S18GC
Panasonic,DC-S5M2GW
Nikon,Z5
Nikon,Z 5
Olympus,CH-S400-XZ
Nikon,Z 50 BK
Nikon,Z 50 BK
Olympus,N6154750
Olympus,N5409160
Olympus,N5409160
Nikon,Z 50 BK
Nikon,Nikkor 50 mm
Olympus,CH-S400-XZ
Olympus,N5409160
Sony,ILCE-7M4
Sony,ILCE-7C
Sony,ILCE-6100L
Sony,SEL55210
Sony,ILCE-7RM4A
Sony,SEL200600G
Sony,ILCE-7RM5
Sony,ILCE-7M4
Sony,ILCE-6100Y
Sony,ILCE-7C
Sony,SEL35F18F
Sony,SEL70200GM
Sony,ILCE-7M3
Sony,ILCE-6400
Sony,ILCE-7C
Sony,ILCE-7RM3A
Sony,ILCE-7C
Sony,SEL1635GM 
Sony,ILCE-7M4
Sony,SEL2070G
Sony,ILCE-7M4
Sony,ILCE-7C
Sony,PXW-Z150
Sony,ILCE-7M4
Sony,SEL85F14GM
Sony,ILCE-7C
Sony,SEL400F28GM 
Sony,ILCE-7RM5
Sony,SEL70200G 
Sony,SEL600F40GM
Sony,SEL70200GM
Sony,ILCE-7RM5
Sony,SEL85F14GM
Sony,SEL24105G
Sony,ILCE-6100LBQIN5 32851520
Sony,SEL90M28G
Sony,SEL55210
Sony,SEL28F20
Sony,SEL2470Z 
Sony,ILCE-6100Y
Sony,ILCE-6100/BQIN5 32851420
Sony,SELP18105G 
Sony,SEL24105G
Sony,SEL14TC
Sony,SELP18105G 
Sony,ILCE-7M3
Sony,CAMERA ILCE-6100Y
Sony,SEL85F14GM
Sony,DSC-RX100
Sony,PXW-FX9
Sony,ILCE-6400
Sony,PXW-FX9
Sony,CAMERA ILCE-6100L
Sony,ILCE-1
Sony,SEL2470Z 
Sony,ILCE-7C
Sony,SEL85F18 
Sony,ILCE-6600
Sony,SEL55F18Z 
Sony,ILCE-6100YBQIN5 32851620
Sony,ILCE-1
Sony,SEL20F18G
Sony,CAMERA ILCE-6600
Sony,SEL55210
Sony,SELP28135G
Sony,PXW-Z90V
Sony,PXW-Z280V
Sony,PXW-Z280V
Sony,PXW-Z150
Sony,ILCE-7C
Sony,ILCE-7M4
Sony,SEL50F12GM
Sony,ILCE-6400
Sony,SEL50F18F
Sony,ILCE-6100L
Sony,SEL2470GM
Sony,ILCE-7M3
Sony,SEL24105G
Sony,ILCE-6400
Sony,SEL90M28G
Sony,DSC-RX100
Sony,ILCE-6600/BQIN5 DIGITAL
Sony,ILCE-7C
Sony,SEL70200G 
Sony,ILCE-7RM5
Sony,SELP18105G 
Sony,SELP1635G
Sony,PXW-Z150
Sony,SELP18105G 
Sony,HDR-CX405
Sony,SELP18105G 
Sony,SRG-X400
Sony,BRC-X400
Sony,SELP18105G 
Sony,PXW-Z90V
Sony,ILCE-7C
Sony,ILCE-7M3
Sony,PXW-Z90V
Sony,ILCE-7C
Sony,ZV-E10
Sony,SEL400F28GM 
Sony,SELP18105G 
Sony,SELP18105G 
Sony,PXW-X200
Sony,ZV-E10
Sony,ILCE-7C
Sony,ILCE-7RM5
Sony,ILCE-7RM5
Sony,HDR-CX405
Sony,SEL400F28GM 
Sony,SEL16F28
Sony,SELP18105G 
Sony,ILCE-7M3
Sony,ILCE-7C
Sony,ILCE-7C
Sony,HDR-CX405
Sony,ZV-E10
Sony,ILCE-7M3
Sony,SEL200600G
Sony,SEL50F18
Sony,SEL50F18F
Sony,SEL50F18F
Sony,SEL85F18 
Sony,SEL11F18
Sony,SEL70350G
Sony,SEL35F18F
Sony,SEL35F18F
Sony,SEL85F18 
Sony,SEL35F18F
Sony,SEL200600G
Sony,SEL70350G
Sony,SEL50F18F
Sony,SELP1020G
Sony,SEL70350G
Sony,SEL11F18
Sony,SEL35F18
Sony,SEL50F18
Sony,SEL11F18
Sony,SEL50F18
Sony,SELP1020G
Sony,SELP1020G
Sony,SEL85F18
Sony,SEL200600G
Sony,ILCE-7M2K
Sony,SEL90M28G
Sony,ILCE-7RM3A
Sony,ILCE-7RM5
Sony,ILCE-7M4
Sony,SEL24105G
Sony,SEL55210
Sony,SEL24105G
Sony,SEL70200GM
Sony,SEL600F40GM
Sony,SEL14F18GM
Sony,ILCE-6100LBQIN5 32851520
Sony,SEL100400GMC
Sony,PXW-Z90V
Sony,PXW-FX9
Sony,FDR-AX700
Sony,PXW-Z190V
Sony,SEL70200GM2Q
Sony,SEL600F40GM
Sony,SELP28135G
Sony,ILCE-7RM3A
Sony,SEL24F14GM 
Sony,ILCE-6600/BQIN5 32856120
Sony,SEL16F28
Sony,ILCE-7C
Sony,DSC-RX10M4
Sony,SEL28F20
Sony,PXW-Z150
Sony,DSC-RX10M4
Sony,SEL2470GM2
Sony,ILCE-6100YBQIN5 32851620
Sony,ILCE-7RM5
Sony,ILCE-7M2K
Sony,SEL50F14GM
Sony,SELP18105G 
Sony,SEL135F18GM 
Sony,SEL50F14GM
Sony,PXW-Z150
Sony,SEL100400GMC
Sony,DSC-RX100
Sony,ILCE-7C
Sony,PXW-Z90V
Sony,ILCE-6100Y
Sony,CAMERA ILCE-6600
Sony,SEL14F18GM
Sony,SELP28135G
Sony,SEL90M28G
Sony,ILCE-6600-BQIN5
Sony,SEL2070G
Sony,ILCE-7C
Sony,ILCE-7RM4A
Sony,SEL55210
Sony,ILCE-6400
Sony,ILCE-6400
Sony,SEL55F18Z 
Sony,ILCE-6100/BQIN5 32851420
Sony,SEL2470GM
Sony,SEL35F14GM
Sony,ILCE-7RM3A
Sony,ILCE-7C
Sony,SEL70200GM2Q
Sony,SELP18105G 
Sony,SELP28135G
Sony,PXW-FX9
Sony,SELP1635G
Sony,ILCE-6400
Sony,ILCE-7RM3A
Sony,SEL1224G
Sony,SEL50F14GM
Sony,PXW-Z90V
Sony,PXW-FX9
Sony,ILCE-7C
Sony,PXW-Z150
Sony,DSC-RX10M4
Sony,ILCE-7M4
Sony,SEL2470Z 
Sony,CAMERA ILCE-6100L
Sony,SEL2470GM
Sony,PXW-Z150
Sony,SEL50F12GM
Sony,ILCE-6400
Sony,SEL135F18GM 
Sony,SEL100400GMC
Sony,SEL90M28G
Sony,SEL70200GM
Sony,ILCE-7C
Sony,SEL20F18G
Sony,SEL2470GM
Sony,SEL55F18Z 
Sony,SEL16F28
Sony,SEL35F14GM
Sony,ILCE-7C
Sony,ILCE-7M4
Sony,SEL50F12GM
Sony,ILCE-6600/BQIN5 DIGITAL
Sony,ILCE-7C
Sony,SEL24F14GM 
Sony,SEL90M28G
Sony,DSC-RX100
Sony,SEL600F40GM
Sony,ILCE-6100L
Sony,SELP18105G 
Sony,ILCE-6100Y
Sony,SEL2470GM
Sony,ILCE-7RM3A
Sony,SELP1635G
Sony,SEL1635Z
Sony,SEL14TC
Sony,SEL20TC
Sony,SEL70200GM2Q
Sony,SEL55210
Sony,SEL24105G
Sony,SEL28F20
Sony,SEL1635GM 
Sony,SEL2470Z 
Sony,ILCE-6400
Sony,ILCE-6400
Sony,ILCE-7RM5
Sony,ILCE-7M2K
Sony,SELP18105G 
Sony,ILCE-6600
Sony,ILCE-6100L
Sony,ILCE-7RM3A
Sony,SEL2470Z
Sony,HDR-CX405
Sony,DAV-TZ140
Sony,SELP18105G 
Sony,SELP18105G 
Sony,HDR-CX405
Sony,HDR-CX405
Sony,LSV-1590A-BK
Sony,SEL24105G
Sony,ILCE-7C
Sony,SEL55210
Sony,ILCE-1
Sony,SEL85F14GM
Sony,SEL24105G
Sony,SEL2470GM
Sony,ILCE-7M4
Sony,SEL90M28G
Sony,SEL85F14GM
Sony,ILCE-7C
Sony,SEL85F14GM
Tamron,"M112FM16 1-1.2"" 16 mm"
Sony,ILCE-7C
Sony,ILCE-7C
Tamron,"M13VG2713IR220 1/2.7"" 2.7-13 mm"
Sony,SEL2470GM
Sony,HDR-CX405
Sony,SEL16F28
Sony,SEL2470GM
Sony,SEL90M28G
Sony,SEL85F14GM
Sony,HDR-CX405
Sony,ILCE-7M4
Tamron,"M112FM25 1-1.2"" 25 mm"
Sony,SEL2470GM
Sony,ILCE-7C
Sony,ILCE-7M4
Sony,SEL2470GM2
Sony,SEL70200GM2Q
Sony,SEL70200GM
Sony,SEL85F14GM
Sony,ILCE-7RM5
Sony,SEL70200GM2Q
Tamron,"M112FM25 1-1.2"" 25 mm"
Sony,ILCE-7RM5
Tamron,"M112FM16 1-1.2"" 16 mm"
Sony,ILCE-7M3
Tamron,"M118FM25 1/1.8"" 25 mm"
Sony,ILCE-7C
Sony,ILCE-7RM5
Sony,ILCE-1
Sony,SEL24105G
Sony,SELP18105G 
Tamron,"35HB 2-3"" 35 mm"
Sony,ILCE-7C
Sony,ILCE-1
Sony,ILCE-7M4
Sony,SEL2470GM2
Sony,SEL70200GM2Q
Tamron,"M118FM16 1/1.8"" 16 mm"
Sony,SEL16F28
Sony,SEL90M28G
Sony,SEL85F14GM
Tamron,"M118FM06 1-1.8"" 6 mm"
Sony,ILCE-7C
Tamron,"12VM412ASIR 1-2"" 4-12 mm"
Sony,SEL200600G
Sony,SEL35F18F
Sony,SEL50F18
Sony,SEL35F18F
Sony,SEL200600G
Sony,SEL35F18F
Sony,SEL85F18 
Sony,SEL200600G
Sony,SEL50F18F
Sony,SEL50F18F
Sony,SEL50F18F
Sony,SEL50F18
Sony,SEL50F18
Sony,SEL50M28
Sony,SEL11F18
Sony,SEL85F18 
Sony,SEL11F18
Sony,SEL85F18
Sony,SEL15F14G
TTARTISAN,27 mm F2.8
TTARTISAN,7.5 mm F2
TTARTISAN,50 mm F1.2
TTARTISAN,AF 50 mm F1.4
TTARTISAN,11 mm F2.8
TTARTISAN,50 mm F-0.95
Sony,LSV-1590A-BK
Sony,HDC3100/L3 SYM
TTARTISAN,35 mm F/1.4
TTARTISAN,17 mm F1.4
TTARTISAN,35 mm F/1.4
TTARTISAN,50 mm F1.2
Sony,SEL1635Z
Sony,ILME-FX3
Sony,ILCE-6600/BQIN5 DIGITAL
Sony,ILCE-7M4
Sony,SEL70200GM2Q
Sony,SEL2470GM
Sony,SEL90M28G
Sony,ILCE-7M3
Sony,SELP1635G
Sony,PXW-FX9
Sony,SEL1635Z
Sony,SEL90M28G
Sony,SEL16F28
Sony,ILCE-6400
Sony,ZV-1
Sony,DSC-RX100
Sony,ILCE-7M3
Sony,SEL14F18GM
Sony,ILCE-6100L
Sony,SEL16F28
Sony,ILCE-7RM5
Sony,ILCE-6600/BQIN5 32856120
Sony,SEL2470GM
Sony,FDR-AX43
Sony,PXW-FX9
Sony,ILCE-7M3
Sony,ILCE-7M4
Sony,SEL85F14GM
Sony,CAMERA ILCE-6600
Sony,SEL14F18GM
Sony,SEL16F28
Sony,ILCE-6100/BQIN5 32851420
Sony,ILCE-6400
Sony,ILCE-6100Y
Sony,ILCE-7RM4A
Sony,SEL2470Z 
Sony,ILCE-6400
Sony,SEL135F18GM 
Sony,PXW-Z150
Sony,DSC-RX100
Sony,SELP28135G
Sony,SEL85F14GM
Sony,SEL14F18GM
Sony,ILCE-6100/BQIN5 32851420
Sony,ILCE-7M4
Sony,ILCE-7RM4A
Sony,ILCE-6400
Sony,SEL70200GM2Q
Sony,SEL70200GM2Q
Sony,SEL90M28G
Sony,PXW-Z150
Sony,ILCE-6100L
Sony,ILCE-7RM4A
Sony,ILCE-7C
Sony,PXW-Z90V
Sony,SEL2470Z 
Sony,SEL2470Z 
Sony,ILCE-6100Y
Sony,ILCE-6600
Sony,SEL24F14GM 
Sony,ILCE-7RM5
Sony,SEL1635Z
Sony,SEL24F14GM 
Sony,SEL2470GM2
Sony,IN5 ZV-1F/BC
Sony,IN5 ZV-1F/BC
Sony,PXW-Z280V
Sony,SRG-X400
Sony,ZV-1
Sony,IN5 ZV-1F/BC
Sony,DSC-RX10M4
Sony,IN5 ZV-1F/BC
Sony,PXW-Z150
Sony,SEL14F18GM
Sony,PXW-Z90V
Sony,SEL70200G 
Sony,FDR-AX43
Sony,LSV-1400A
Sony,ZV-1
Tamron,AF050SF000+A83
Tamron,AA063S0000+A93 
Sony,SEL2470GM
Tamron,AF045E0000+A83
Tamron,A057S 150-500 mm
Tamron,A046SF 17-28 mm
Tamron,AA022N0000+A87
Tamron,AB070S0000+A87
Tamron,A5A00693-00010
Tamron,AA035N0000+A94 
Sony,ILCE-7RM3A
Tamron,AA057S0000+A91
Tamron,A5A00249-00000
Tamron,AA035N0000+A84
Tamron,AB028N0000+A81
Tamron,A7000031-00000R 
Tamron,EA000249-0002 
Tamron,AF013N0000+A93 
Tamron,B070S 17-70 mm
Tamron,B070S 17-70 mm
Tamron,A5A00692-00000
Tamron,A5900176-00010
Sony,CAMERA ILCE-6100L
Tamron,AA011E0000+AA2
Tamron,AA063S0000+A92
Tamron,AF013N0000+A93 
Tamron,B060S 11-20 mm
Tamron,AA025N0000+A94
Sony,SEL14F18GM
Tamron,A5A00382-00000
Tamron,B061S 18-300 mm
Sony,IN5 ZV-1F/BC
Sony,IN5 ZV-1F/BC
Sony,IN5 ZV-1F/BC
Tamron,MP008676-B000V 
Sony,DSC-RX10M4
Sony,ILCE-7M3
Tamron,MP004994-0000 
Tamron,MP004546-0001
Sony,SEL90M28G
Tamron,MP005091-0001R
Sony,ILCE-7RM3A
Tamron,AA035N0000+A94 
Tamron,G1
Tamron,A6000249-00000 
Tamron,AB070S0000+A87
Tamron,AA025N0000+A83 
Tamron,AA011E0000+AA4
Tamron,A5A00455-00020
Sony,ILCE-6100LBQIN5 32851520
Sony,ILCE-7M4
Sony,CAMERA ILCE-6100L
Sony,CAMERA ILCE-6100Y
Sony,ILCE-7RM5
Tamron,A047S 70-300 mm
Tamron,AB028N0000+A81
Tamron,MP004543-R002 
Tamron,AB070X0000+A87
Tamron,AE17000A0900 1G 
Nikon,F012N SP 35 mm
Tamron,AA025N0000+A94
Tamron,MP004546-0001
Tamron,MP004546-0001
Tamron,AA036SF000+A90 
Tamron,B028N 18-400 mm
Tamron,A035E 100-400 mm
Tamron,072EE00A8300 
Tamron,AA036SF000+A81
Tamron,AA036SF000+A88 
Tamron,AA032N0000+A96
Tamron,AA057S0000+A98 
Tamron,AF013N0000+A88 
Tamron,B070S 17-70 mm
Tamron,MP008676-B000V 
Tamron,"M23FM12 2-3"" 12 mm"
Tamron,AA046SF000+A84
Tamron,MP005016-0000
Tamron,MP005016-0000
Tamron,"M118FM08 1-1.8"" 8 mm"
Tamron,MP004993-0000 
Tamron,AA022N0000+A81 
Tamron,AF045E0000+A83
Tamron,A056SF 70-180 mm
Tamron,AA035N0000+A87 
Tamron,AA011E0000+A95
Tamron,AA011E0000+A85
Tamron,A067S 50-400 mm
Tamron,MP004547-0001
Tamron,AA063S0000+A93 
Tamron,AA005N0000+A93
Tamron,B070X 17-70 mm
Tamron,AF045E0000+A83
Sony,"8014,A-5031-637-A,VX8014"
Sony,CAMERA ILCE-6100Y
Tamron,A4001430-00030
Tamron,F050SF 20 mm
Tamron,A063S 28-75 mm
Tamron,AA035N0000+A87 
Tamron,AA036SF000+A87
Tamron,AA011E0000+A98
Tamron,A062S 20-40 mm
Tamron,AA057S0000+A91
Tamron,AA022N0000+A85 
Tamron,AA022N0000+A91
Tamron,A4000670-00010 
Tamron,AA022N0000+A82 
Sony,ILCE-7M4
Tamron,AB061S0000+A81
Sony,ILCE-6100LBQIN5 32851520
Tamron,1P1.7X2.5C3C
Tamron,AA035N0000+A82 
Tamron,AA032N0000+A92
Tamron,A071SF 28-200 mm
Tamron,AE17000A0900 1G 
Tamron,AA032N0000+A96
Tamron,AA022N0000+A91
Tamron,AA036SF000+A89
Tamron,AA011E0000+AA5
Tamron,AA057S0000+A98 
Tamron,A032E SP 24-70 mm
Tamron,AA022N0000+A82 
Tamron,A5A00693-00010
Sony,CAMERA ILCE-6100L
Sony,ILCE-7RM3A
Sony,ILCE-7M4
Tamron,AA032N0000+A81 
Tamron,AB070X0000+A81
Sony,ILCE-7M4
Sony,ILCE-7M4
Sony,ILCE-7M4
Sony,ILCE-7M3
Sony,ILME-FX3
Tamron,AA063S0000+A94 
Tamron,AA035N0000+A93
Tamron,AA011E0000+A96 
Tamron,AA057S0000+A91
Sony,ILCE-7M4
Sony,DSC-RX10M4
Sony,IN5 ZV-1F/BC
Sony,IN5 ZV-1F/BC
Sony,ILCE-7RM5
Sony,ILCE-6100YBQIN5 32851620
Sony,SEL90M28G
Sony,ILCE-7RM3A
Sony,CAMERA ILCE-6100L
Tamron,MP007348-0000
Sony,IN5 ZV-1F/BC
Tamron,MP005029-0000 
Sony,IN5 ZV-1F/BC
Tamron,A071SF 28-200 mm
Tamron,AE17000A0900 1G 
Tamron,AA057S0000+A98 
Tamron,AA025N0000+A87
Tamron,AA022N0000+A92 
Tamron,B070S 17-70 mm
Sony,ILCE-7M3
Sony,ILCE-7RM3A
Sony,ILCE-7M3
Sony,CAMERA ILCE-6100Y
Tamron,MP006161-K001
Tamron,AA011E0000+A97 
Sony,SEL14F18GM
Sony,SEL2470GM2
Sony,ILCE-7M4
Sony,CAMERA ILCE-6100Y
Tamron,AA007E0000+A89
Tamron,B070X 17-70 mm
Tamron,AA001E0000+A83
Tamron,AB016N0000+A85 
Tamron,A7000071-00030 
Sony,ILCE-6100YBQIN5 32851620
Tamron,AB070S0000+A87
Tamron,AB061S0000+A81
Tamron,AA025N0000+A94
Sony,ILCE-7RM3A
Tamron,AA056SF000+A80
Tamron,AF045E0000+A83
Tamron,AA047S0000+A92
Tamron,A035E 100-400 mm
Tamron,MP002515-0001V
Sony,IN5 ZV-1F/BC
Sony,SEL2470GM
Tamron,AA036SF000+A93
Tamron,"M118FM12 1-1.8"" 12 mm"
Sony,ILCE-7RM5
Tamron,MP005091-0001R
Tamron,MP004547-0001
Tamron,"35HB 2-3"" 35 mm"
Sony,SEL90M28G
Sony,MPC-3628
Sony,SEL35F18F
Sony,SEL85F18 
Sony,SELP18105G 
Sony,SELP18105G 
Sony,SEL50F18F
Sony,SEL16F28
Sony,SEL90M28G
Sony,SEL85F18 
Sony,SEL50F18F
Sony,SEL85F14GM
Sony,"BLOCKAG009,"
Sony,SEL14F18GM
Sony,SEL2470GM
Sony,ILCE-7C
Sony,SEL2470Z 
Sony,SEL28F20
Sony,ILCE-7M3
Sony,ILCE-7C
Sony,ILCE-6100Y
Sony,ILCE-7C
Sony,FDR-AX43
Sony,ILCE-6100L
Sony,HDR-CX405
Sony,ILCE-7M3
Sony,SEL20F18G
Sony,SEL28F20S
Sony,PXW-Z280V
Sony,SEL1635Z
Sony,SEL55210
Sony,SEL24105G
Sony,ILCE-7RM4A
Sony,SEL50F18F
Sony,SEL1635GM 
Sony,SEL85F14GM
Sony,CAMERA ILCE-6100Y
Sony,SEL2470GM
Sony,ILCE-7M3
Sony,SEL55210
Sony,SEL28F20
Sony,SEL2470GM2
Sony,SEL1635GM 
Sony,ILCE-7M3
Sony,ILCE-7C
Sony,SEL24F14GM 
Sony,ILCE-6100Y
Sony,PXW-Z90V
Sony,SRG-X400
Sony,SEL2470Z 
Sony,ILCE-7M3
Sony,SEL400F28GM 
Sony,PXW-FX9
Sony,PXW-Z90V
Sony,"SV,A-5038-001-A,WH-XB910NPARTS"
Sony,ILCE-7C
Sony,LSV-1590A-BK
Sony,SEL85F14GM
Sony,ILCE-7C
Sony,SEL24105G
Sony,SEL55210
Sony,HDR-CX405
Sony,ILCE-7C
Sony,ILCE-6100/BQIN5 32851420
Sony,ILCE-7C
Sony,ILCE-7RM4A
Sony,CAMERA ILCE-6100L
Sony,SEL20F18G
Sony,SEL90M28G
Sony,ILCE-6100LBQIN5 32851520
Sony,PXW-Z150
Sony,ILCE-6100YBQIN5 32851620
Sony,ILCE-7C
Sony,PXW-Z190V
Sony,ILME-FX6
Sony,LSV-1590A-BK
Sony,PXW-Z150
Sony,VPLLZ4107=C7WW PROJECTION
Sony,SEL35F14GM
Sony,PXW-Z90V
Sony,SEL1635GM 
Sony,SEL14TC
Sony,SEL90M28G
Sony,ILCE-7RM4A
Sony,SEL35F14GM
Sony,SEL20F18G
Sony,SEL24105G
Sony,SEL2470Z 
Sony,HDC3100/L3 SYM
Sony,SEL50F14GM
Sony,SEL50F14GM
Sony,"SV,A-5038-001-A,WH-XB910NPARTS"
Sony,SEL50F14GM 
Sony,IN5 ZV-1F/BC
Sony,DSC-RX100
Sony,SEL14F18GM
Sony,SELP18105G 
Sony,DSC-RX100
Sony,IN5 ZV-1F/BC
Sony,DSC-RX100
Sony,SELP18105G 
Sony,SELP18105G 
Sony,SEL135F18GM 
Sony,ILCE-7C
Sony,SEL85F14GM
Sony,ILCE-7C
Sony,ILCE-7C
Sony,SEL70200GM
Sony,ILCE-7C
Sony,SEL70200GM
Sony,SEL85F14GM
Sony,ILCE-7C
Sony,ILCE-7RM5
Sony,SEL70200GM
Sony,ILCE-7C
Sony,"CXZ10,1-008-350-11"
Sony,ILCE-7RM5
Sony,ILCE-7C
Sony,SEL85F14GM
Sony,CXZ10
Sony,ILCE-7C
Sony,ILCE-7C
Sony,"SV,A-5038-001-A,WH-XB910NPARTS"
Sony,DSC-RX10M4
Sony,ILCE-7C
Sony,ILCE-6400
Sony,SEL24F14GM 
Sony,SEL2470Z 
Sony,ILCE-6400
Sony,ILCE-7M3
Sony,ZV-E10
Sony,ILME-FX3
Sony,SEL70200GM2Q
Sony,ILCE-6400
Sony,SEL400F28GM 
Sony,ILCE-7M3
Sony,ILCE-6400
Sony,ILCE-7M4
Sony,SEL70200GM2Q
Sony,ILCE-1
Sony,ILCE-7M4
Sony,ILCE-7M3
Sony,SEL2470Z 
Sony,ZV-E10
Sony,ILCE-7M3
Sony,ILCE-6400
Sony,ILME-FX3
Sony,ILCE-7M4
Sony,ILCE-7M4
Sony,SEL1635GM 
Sony,ILCE-7M3
Sony,ILCE-1/BQ
Sony,ZV-E10
Sony,ILCE-7M3
Sony,ILCE-6400
Sony,ZV-E10
Sony,SEL2470GM
Sony,SEL2470GM
Sony,SRG-X120/BC
Sony,PXW-Z280V
Sony,HDC3500/L4 UCJ
Sony,PXW-Z280V
Sony,SRG-X120/WC IN5
